,date,tavg,tmin,tmax,prcp,snow,wdir,wspd,wspt,pres,tsun,name,km^2,bev,m,w,dichte,plz,longitude,latitude,reiseGebiete,verst√§dterung
0,2017-12-01,1.7,0.5,2.6,0.0,0.0,,,,,,,,,,,,,,,,
1,2017-12-02,0.1,-1.9,1.8,3.1,0.0,,,,,,,,,,,,,,,,
2,2017-12-03,2.2,-0.2,4.8,5.7,0.0,,,,,,,,,,,,,,,,
3,2017-12-04,4.8,3.9,6.7,5.9,0.0,,,,,,,,,,,,,,,,
4,2017-12-05,7.1,6.6,7.8,0.7,0.0,,,,,,,,,,,,,,,,
5,2017-12-06,7.0,6.3,7.6,0.0,0.0,,,,,,,,,,,,,,,,
6,2017-12-07,5.7,4.6,7.4,4.5,0.0,,,,,,,,,,,,,,,,
7,2017-12-08,2.5,0.2,6.1,8.9,0.0,,,,,,,,,,,,,,,,
8,2017-12-09,1.1,0.1,2.6,3.1,0.0,,,,,,,,,,,,,,,,
9,2017-12-10,0.0,-1.7,1.3,3.5,0.0,,,,,,,,,,,,,,,,
10,2017-12-11,-0.5,-1.4,0.1,3.9,20.0,,,,,,,,,,,,,,,,
11,2017-12-12,0.6,0.1,1.3,2.0,20.0,,,,,,,,,,,,,,,,
12,2017-12-13,1.2,0.2,2.9,12.1,10.0,,,,,,,,,,,,,,,,
13,2017-12-14,2.6,0.7,3.6,0.3,0.0,,,,,,,,,,,,,,,,
14,2017-12-15,2.1,0.9,3.0,0.0,0.0,,,,,,,,,,,,,,,,
15,2017-12-16,2.1,1.0,3.6,0.2,0.0,,,,,,,,,,,,,,,,
16,2017-12-17,0.4,-1.0,2.0,0.0,0.0,,,,,,,,,,,,,,,,
17,2017-12-18,1.7,0.5,3.8,0.1,0.0,,,,,,,,,,,,,,,,
18,2017-12-19,3.8,1.9,5.3,2.8,0.0,,,,,,,,,,,,,,,,
19,2017-12-20,5.6,4.7,6.5,0.3,0.0,,,,,,,,,,,,,,,,
20,2017-12-21,6.1,4.6,7.2,0.0,0.0,,,,,,,,,,,,,,,,
21,2017-12-22,5.1,4.1,5.7,0.0,0.0,,,,,,,,,,,,,,,,
22,2017-12-23,6.5,3.2,8.4,1.3,0.0,,,,,,,,,,,,,,,,
23,2017-12-24,7.9,7.3,9.0,0.2,0.0,,,,,,,,,,,,,,,,
24,2017-12-25,7.7,5.7,8.5,0.1,0.0,,,,,,,,,,,,,,,,
25,2017-12-26,5.0,2.8,6.8,0.7,0.0,,,,,,,,,,,,,,,,
26,2017-12-27,3.9,2.5,6.1,0.0,0.0,,,,,,,,,,,,,,,,
27,2017-12-28,3.0,2.0,4.1,0.8,0.0,,,,,,,,,,,,,,,,
28,2017-12-29,2.1,0.3,3.3,0.2,0.0,,,,,,,,,,,,,,,,
29,2017-12-30,4.8,1.2,9.0,3.8,0.0,,,,,,,,,,,,,,,,
30,2017-12-31,8.5,5.5,11.2,24.9,0.0,,,,,,,,,,,,,,,,
31,2018-01-01,6.2,2.9,8.9,0.7,0.0,,,,,,,,,,,,,,,,
32,2018-01-02,4.4,3.0,5.6,12.6,0.0,,,,,,,,,,,,,,,,
33,2018-01-03,5.7,3.8,7.9,21.2,0.0,,,,,,,,,,,,,,,,
34,2018-01-04,5.9,4.9,8.0,4.5,0.0,,,,,,,,,,,,,,,,
35,2018-01-05,5.7,3.4,8.0,0.4,0.0,,,,,,,,,,,,,,,,
36,2018-01-06,4.4,1.6,6.1,0.0,0.0,,,,,,,,,,,,,,,,
37,2018-01-07,-0.6,-3.8,1.6,0.0,0.0,,,,,,,,,,,,,,,,
38,2018-01-08,-2.9,-5.6,-0.2,0.0,0.0,,,,,,,,,,,,,,,,
39,2018-01-09,0.3,-2.9,2.7,0.0,0.0,,,,,,,,,,,,,,,,
40,2018-01-10,2.4,-0.3,4.8,0.0,0.0,,,,,,,,,,,,,,,,
41,2018-01-11,0.8,-1.6,2.7,3.4,0.0,,,,,,,,,,,,,,,,
42,2018-01-12,1.1,0.5,2.1,0.0,0.0,,,,,,,,,,,,,,,,
43,2018-01-13,0.3,-1.0,1.1,0.0,0.0,,,,,,,,,,,,,,,,
44,2018-01-14,-1.0,-2.8,0.5,0.0,0.0,,,,,,,,,,,,,,,,
45,2018-01-15,0.9,-2.8,4.1,5.1,0.0,,,,,,,,,,,,,,,,
46,2018-01-16,2.8,0.8,5.1,4.1,0.0,,,,,,,,,,,,,,,,
47,2018-01-17,1.4,0.1,2.5,1.9,0.0,,,,,,,,,,,,,,,,
48,2018-01-18,1.1,0.0,3.2,13.7,0.0,,,,,,,,,,,,,,,,
49,2018-01-19,1.1,0.2,2.4,0.8,20.0,,,,,,,,,,,,,,,,
50,2018-01-20,0.8,-1.4,1.9,0.0,0.0,,,,,,,,,,,,,,,,
51,2018-01-21,-1.4,-3.9,0.6,0.0,0.0,,,,,,,,,,,,,,,,
52,2018-01-22,0.0,-0.8,0.9,0.5,0.0,,,,,,,,,,,,,,,,
53,2018-01-23,4.4,0.5,7.3,3.0,0.0,,,,,,,,,,,,,,,,
54,2018-01-24,10.8,7.3,13.1,2.7,0.0,,,,,,,,,,,,,,,,
55,2018-01-25,7.1,5.6,8.1,0.5,0.0,,,,,,,,,,,,,,,,
56,2018-01-26,5.8,4.3,6.6,0.1,0.0,,,,,,,,,,,,,,,,
57,2018-01-27,4.9,3.8,6.5,1.9,0.0,,,,,,,,,,,,,,,,
58,2018-01-28,7.6,5.0,10.0,4.1,0.0,,,,,,,,,,,,,,,,
59,2018-01-29,8.1,4.8,10.0,12.3,0.0,,,,,,,,,,,,,,,,
60,2018-01-30,4.1,2.1,5.8,0.0,0.0,,,,,,,,,,,,,,,,
61,2018-01-31,4.7,1.5,8.8,5.2,0.0,,,,,,,,,,,,,,,,
62,2018-02-01,2.1,0.4,3.5,0.0,0.0,,,,,,,,,,,,,,,,
63,2018-02-02,2.5,1.2,3.4,1.5,0.0,,,,,,,,,,,,,,,,
64,2018-02-03,-0.5,-1.5,1.2,1.2,0.0,,,,,,,,,,,,,,,,
65,2018-02-04,-0.4,-1.9,0.9,0.6,10.0,,,,,,,,,,,,,,,,
66,2018-02-05,-0.4,-3.1,1.5,0.0,0.0,,,,,,,,,,,,,,,,
67,2018-02-06,-3.5,-5.7,-1.0,0.0,0.0,,,,,,,,,,,,,,,,
68,2018-02-07,-4.2,-7.0,-0.2,0.0,0.0,,,,,,,,,,,,,,,,
69,2018-02-08,-3.6,-7.6,0.6,0.0,0.0,,,,,,,,,,,,,,,,
70,2018-02-09,-3.2,-6.9,1.6,0.0,0.0,,,,,,,,,,,,,,,,
71,2018-02-10,-1.7,-6.0,2.1,0.0,0.0,,,,,,,,,,,,,,,,
72,2018-02-11,1.6,0.1,4.1,2.0,0.0,,,,,,,,,,,,,,,,
73,2018-02-12,1.0,-1.4,3.9,1.7,0.0,,,,,,,,,,,,,,,,
74,2018-02-13,0.2,-2.5,4.4,0.0,0.0,,,,,,,,,,,,,,,,
75,2018-02-14,0.1,-4.2,4.4,0.0,0.0,,,,,,,,,,,,,,,,
76,2018-02-15,0.4,-0.8,2.5,1.4,0.0,,,,,,,,,,,,,,,,
77,2018-02-16,2.0,-0.4,5.1,0.0,0.0,,,,,,,,,,,,,,,,
78,2018-02-17,1.3,-1.5,4.8,0.0,0.0,,,,,,,,,,,,,,,,
79,2018-02-18,1.6,-2.0,5.0,0.0,0.0,,,,,,,,,,,,,,,,
80,2018-02-19,1.3,-1.7,5.1,0.0,0.0,,,,,,,,,,,,,,,,
81,2018-02-20,-0.2,-3.0,3.5,0.0,0.0,,,,,,,,,,,,,,,,
82,2018-02-21,-0.9,-3.6,2.7,0.0,0.0,,,,,,,,,,,,,,,,
83,2018-02-22,-0.6,-3.2,2.2,0.0,0.0,,,,,,,,,,,,,,,,
84,2018-02-23,-1.7,-4.3,0.3,0.0,0.0,,,,,,,,,,,,,,,,
85,2018-02-24,-2.0,-5.3,1.3,0.0,0.0,,,,,,,,,,,,,,,,
86,2018-02-25,-5.0,-7.1,-2.9,2.9,0.0,,,,,,,,,,,,,,,,
87,2018-02-26,-5.3,-8.7,-2.4,1.0,30.0,,,,,,,,,,,,,,,,
88,2018-02-27,-5.9,-10.7,-2.9,0.9,40.0,,,,,,,,,,,,,,,,
89,2018-02-28,-10.9,-14.2,-7.7,0.0,40.0,,,,,,,,,,,,,,,,
90,2018-03-01,-8.5,-12.3,-4.6,0.0,20.0,,,,,,,,,,,,,,,,
91,2018-03-02,-9.1,-12.5,-5.2,0.0,20.0,,,,,,,,,,,,,,,,
92,2018-03-03,-7.7,-12.0,-2.9,0.0,20.0,,,,,,,,,,,,,,,,
93,2018-03-04,-3.3,-9.8,1.4,1.7,20.0,,,,,,,,,,,,,,,,
94,2018-03-05,4.1,-0.2,9.7,0.0,20.0,,,,,,,,,,,,,,,,
95,2018-03-06,2.0,-1.9,6.2,0.3,0.0,,,,,,,,,,,,,,,,
96,2018-03-07,1.0,-0.1,2.4,2.4,10.0,,,,,,,,,,,,,,,,
97,2018-03-08,3.7,-0.1,8.8,7.7,0.0,,,,,,,,,,,,,,,,
98,2018-03-09,4.1,0.2,7.9,0.3,0.0,,,,,,,,,,,,,,,,
99,2018-03-10,4.0,0.4,8.7,0.8,0.0,,,,,,,,,,,,,,,,
100,2018-03-11,11.1,7.4,15.0,0.8,0.0,,,,,,,,,,,,,,,,
101,2018-03-12,8.7,6.2,10.8,9.4,0.0,,,,,,,,,,,,,,,,
102,2018-03-13,5.7,3.3,8.1,0.3,0.0,,,,,,,,,,,,,,,,
103,2018-03-14,3.1,2.4,4.6,0.0,0.0,,,,,,,,,,,,,,,,
104,2018-03-15,2.5,1.0,4.1,0.0,0.0,,,,,,,,,,,,,,,,
105,2018-03-16,-0.5,-3.7,1.3,0.0,0.0,,,,,,,,,,,,,,,,
106,2018-03-17,-3.1,-4.8,-0.4,0.0,0.0,,,,,,,,,,,,,,,,
107,2018-03-18,-2.8,-5.8,0.7,0.0,0.0,,,,,,,,,,,,,,,,
108,2018-03-19,-1.5,-6.2,3.8,0.3,0.0,,,,,,,,,,,,,,,,
109,2018-03-20,1.7,-2.6,5.7,0.0,0.0,,,,,,,,,,,,,,,,
110,2018-03-21,0.6,-4.0,5.2,1.0,0.0,,,,,,,,,,,,,,,,
111,2018-03-22,2.9,0.5,6.0,1.2,0.0,,,,,,,,,,,,,,,,
112,2018-03-23,4.0,0.8,6.9,0.1,0.0,,,,,,,,,,,,,,,,
113,2018-03-24,5.9,3.3,8.9,0.0,0.0,,,,,,,,,,,,,,,,
114,2018-03-25,6.8,3.8,10.1,0.0,0.0,,,,,,,,,,,,,,,,
115,2018-03-26,2.8,-1.0,5.2,0.0,0.0,,,,,,,,,,,,,,,,
116,2018-03-27,4.1,-0.9,9.1,0.9,0.0,,,,,,,,,,,,,,,,
117,2018-03-28,1.9,-0.1,4.6,13.0,0.0,,,,,,,,,,,,,,,,
118,2018-03-29,1.4,-1.6,5.0,0.1,30.0,,,,,,,,,,,,,,,,
119,2018-03-30,2.7,-2.1,8.9,0.0,0.0,,,,,,,,,,,,,,,,
120,2018-03-31,1.1,0.1,2.5,11.6,0.0,,,,,,,,,,,,,,,,
121,2018-04-01,1.7,0.1,5.1,0.0,10.0,,,,,,,,,,,,,,,,
122,2018-04-02,3.9,-1.8,8.4,2.1,0.0,,,,,,,,,,,,,,,,
123,2018-04-03,11.6,6.0,16.4,0.4,0.0,,,,,,,,,,,,,,,,
124,2018-04-04,11.8,9.3,16.2,1.8,0.0,,,,,,,,,,,,,,,,
125,2018-04-05,7.1,2.7,10.8,0.2,0.0,,,,,,,,,,,,,,,,
126,2018-04-06,6.6,0.6,12.8,0.0,0.0,,,,,,,,,,,,,,,,
127,2018-04-07,11.5,4.2,18.7,0.0,0.0,,,,,,,,,,,,,,,,
128,2018-04-08,15.5,7.1,23.2,0.0,0.0,,,,,,,,,,,,,,,,
129,2018-04-09,15.1,8.1,20.6,0.0,0.0,,,,,,,,,,,,,,,,
130,2018-04-10,12.2,5.8,19.0,1.1,0.0,,,,,,,,,,,,,,,,
131,2018-04-11,7.3,4.6,11.9,0.2,0.0,,,,,,,,,,,,,,,,
132,2018-04-12,10.7,4.0,17.9,1.9,0.0,,,,,,,,,,,,,,,,
133,2018-04-13,12.4,9.2,17.6,8.4,0.0,,,,,,,,,,,,,,,,
134,2018-04-14,8.7,7.9,9.6,10.9,0.0,,,,,,,,,,,,,,,,
135,2018-04-15,8.6,4.4,11.3,2.9,0.0,,,,,,,,,,,,,,,,
136,2018-04-16,11.3,7.0,18.0,0.0,0.0,,,,,,,,,,,,,,,,
137,2018-04-17,12.1,3.6,18.4,0.0,0.0,,,,,,,,,,,,,,,,
138,2018-04-18,16.2,8.5,23.3,0.0,0.0,,,,,,,,,,,,,,,,
139,2018-04-19,18.4,11.0,25.2,0.0,0.0,,,,,,,,,,,,,,,,
140,2018-04-20,19.3,11.3,26.4,0.0,0.0,,,,,,,,,,,,,,,,
141,2018-04-21,12.8,6.9,18.5,0.0,0.0,,,,,,,,,,,,,,,,
142,2018-04-22,14.5,4.4,22.2,0.0,0.0,,,,,,,,,,,,,,,,
143,2018-04-23,14.0,7.3,17.6,0.0,0.0,,,,,,,,,,,,,,,,
144,2018-04-24,9.8,7.6,11.8,8.4,0.0,,,,,,,,,,,,,,,,
145,2018-04-25,10.0,5.2,13.9,2.6,0.0,,,,,,,,,,,,,,,,
146,2018-04-26,7.7,4.8,11.2,3.8,0.0,,,,,,,,,,,,,,,,
147,2018-04-27,9.9,3.6,15.1,0.0,0.0,,,,,,,,,,,,,,,,
148,2018-04-28,12.5,6.8,17.0,0.0,0.0,,,,,,,,,,,,,,,,
149,2018-04-29,14.1,8.1,20.1,0.0,0.0,,,,,,,,,,,,,,,,
150,2018-04-30,13.5,8.6,17.4,0.4,0.0,,,,,,,,,,,,,,,,
151,2018-05-01,7.6,3.3,11.8,2.5,,,,,,,,,,,,,,,,,
152,2018-05-02,9.9,0.0,16.9,0.0,,,,,,,,,,,,,,,,,
153,2018-05-03,10.4,4.2,15.2,0.0,,,,,,,,,,,,,,,,,
154,2018-05-04,10.6,2.9,17.3,0.0,,,,,,,,,,,,,,,,,
155,2018-05-05,12.3,4.1,19.2,0.0,,,,,,,,,,,,,,,,,
156,2018-05-06,15.6,6.3,23.1,0.0,,,,,,,,,,,,,,,,,
157,2018-05-07,17.6,8.4,24.4,0.0,,,,,,,,,,,,,,,,,
158,2018-05-08,18.9,11.2,25.7,0.0,,,,,,,,,,,,,,,,,
159,2018-05-09,20.1,11.2,27.3,0.0,,,,,,,,,,,,,,,,,
160,2018-05-10,16.7,11.2,26.4,0.5,,,,,,,,,,,,,,,,,
161,2018-05-11,14.3,10.4,18.6,0.0,,,,,,,,,,,,,,,,,
162,2018-05-12,16.5,12.2,21.8,0.0,,,,,,,,,,,,,,,,,
163,2018-05-13,19.3,13.0,26.3,0.0,,,,,,,,,,,,,,,,,
164,2018-05-14,19.7,13.5,26.4,0.0,,,,,,,,,,,,,,,,,
165,2018-05-15,17.7,10.8,23.4,0.0,,,,,,,,,,,,,,,,,
166,2018-05-16,18.2,10.9,24.8,0.1,,,,,,,,,,,,,,,,,
167,2018-05-17,11.2,9.6,14.8,0.0,,,,,,,,,,,,,,,,,
168,2018-05-18,10.8,9.4,12.7,0.0,,,,,,,,,,,,,,,,,
169,2018-05-19,13.1,9.7,18.8,0.0,,,,,,,,,,,,,,,,,
170,2018-05-20,15.7,9.2,21.7,0.0,,,,,,,,,,,,,,,,,
171,2018-05-21,17.1,8.6,23.9,0.0,,,,,,,,,,,,,,,,,
172,2018-05-22,17.9,10.8,24.3,0.0,,,,,,,,,,,,,,,,,
173,2018-05-23,18.0,12.4,24.1,0.0,,,,,,,,,,,,,,,,,
174,2018-05-24,18.9,11.9,25.5,0.0,,,,,,,,,,,,,,,,,
175,2018-05-25,18.6,12.1,26.3,0.0,,,,,,,,,,,,,,,,,
176,2018-05-26,18.4,11.1,26.2,0.0,,,,,,,,,,,,,,,,,
177,2018-05-27,18.0,11.8,24.4,0.0,,,,,,,,,,,,,,,,,
178,2018-05-28,22.2,17.0,28.3,0.0,,,,,,,,,,,,,,,,,
179,2018-05-29,24.8,18.1,30.9,0.0,,,,,,,,,,,,,,,,,
180,2018-05-30,21.9,16.8,29.4,27.4,,,,,,,,,,,,,,,,,
181,2018-05-31,22.7,15.1,28.9,0.0,,,,,,,,,,,,,,,,,
182,2018-06-01,21.5,16.5,29.2,22.4,,,,,,,,,,,,,,,,,
183,2018-06-02,18.1,17.0,19.5,0.2,,,,,,,,,,,,,,,,,
184,2018-06-03,18.5,14.5,22.4,0.0,,,,,,,,,,,,,,,,,
185,2018-06-04,15.9,13.9,17.7,0.0,,,,,,,,,,,,,,,,,
186,2018-06-05,18.0,13.3,23.7,0.0,,,,,,,,,,,,,,,,,
187,2018-06-06,19.0,11.8,24.8,0.0,,,,,,,,,,,,,,,,,
188,2018-06-07,20.2,11.9,27.3,0.0,,,,,,,,,,,,,,,,,
189,2018-06-08,22.8,14.4,28.9,0.0,,,,,,,,,,,,,,,,,
190,2018-06-09,22.8,18.3,28.1,4.1,,,,,,,,,,,,,,,,,
191,2018-06-10,18.9,13.8,22.8,0.1,,,,,,,,,,,,,,,,,
192,2018-06-11,16.2,11.9,21.3,0.0,,,,,,,,,,,,,,,,,
193,2018-06-12,14.5,12.5,16.4,0.5,,,,,,,,,,,,,,,,,
194,2018-06-13,13.5,9.7,17.5,0.0,,,,,,,,,,,,,,,,,
195,2018-06-14,15.7,9.3,21.8,1.3,,,,,,,,,,,,,,,,,
196,2018-06-15,17.6,13.1,22.4,0.0,,,,,,,,,,,,,,,,,
197,2018-06-16,18.6,12.2,24.2,5.4,,,,,,,,,,,,,,,,,
198,2018-06-17,16.9,13.2,21.7,2.1,,,,,,,,,,,,,,,,,
199,2018-06-18,16.5,12.3,21.1,0.4,,,,,,,,,,,,,,,,,
200,2018-06-19,17.0,12.4,20.8,1.3,,,,,,,,,,,,,,,,,
201,2018-06-20,19.3,11.6,26.0,2.6,,,,,,,,,,,,,,,,,
202,2018-06-21,12.9,8.9,16.0,21.1,,,,,,,,,,,,,,,,,
203,2018-06-22,11.9,7.6,17.1,1.9,,,,,,,,,,,,,,,,,
204,2018-06-23,11.9,9.7,15.1,2.7,,,,,,,,,,,,,,,,,
205,2018-06-24,12.6,10.3,15.4,0.3,,,,,,,,,,,,,,,,,
206,2018-06-25,13.6,11.0,17.0,0.9,,,,,,,,,,,,,,,,,
207,2018-06-26,16.1,12.4,22.4,0.0,,,,,,,,,,,,,,,,,
208,2018-06-27,18.4,11.6,24.4,0.0,,,,,,,,,,,,,,,,,
209,2018-06-28,19.3,12.5,25.4,0.0,,,,,,,,,,,,,,,,,
210,2018-06-29,19.7,12.4,26.0,0.0,,,,,,,,,,,,,,,,,
211,2018-06-30,17.6,11.4,23.0,0.0,,,,,,,,,,,,,,,,,
212,2018-07-01,16.8,10.3,22.3,0.0,,,,,,,,,,,,,,,,,
213,2018-07-02,17.5,9.6,24.2,0.0,,,,,,,,,,,,,,,,,
214,2018-07-03,17.7,10.0,24.9,0.0,,,,,,,,,,,,,,,,,
215,2018-07-04,18.1,8.1,26.9,0.0,,,,,,,,,,,,,,,,,
216,2018-07-05,17.3,12.4,22.3,0.0,,,,,,,,,,,,,,,,,
217,2018-07-06,16.6,11.6,21.8,0.2,,,,,,,,,,,,,,,,,
218,2018-07-07,16.1,10.7,21.4,0.0,,,,,,,,,,,,,,,,,
219,2018-07-08,17.0,11.2,23.3,0.0,,,,,,,,,,,,,,,,,
220,2018-07-09,14.8,9.5,20.7,3.9,,,,,,,,,,,,,,,,,
221,2018-07-10,14.4,11.1,18.8,2.7,,,,,,,,,,,,,,,,,
222,2018-07-11,15.7,13.0,19.1,24.6,,,,,,,,,,,,,,,,,
223,2018-07-12,18.9,14.4,25.3,0.4,,,,,,,,,,,,,,,,,
224,2018-07-13,16.6,12.3,22.3,0.0,,,,,,,,,,,,,,,,,
225,2018-07-14,15.4,10.3,20.3,0.0,,,,,,,,,,,,,,,,,
226,2018-07-15,16.9,8.3,23.8,0.0,,,,,,,,,,,,,,,,,
227,2018-07-16,19.8,11.4,26.8,0.0,,,,,,,,,,,,,,,,,
228,2018-07-17,22.2,13.3,29.6,0.0,,,,,,,,,,,,,,,,,
229,2018-07-18,18.3,13.0,23.7,0.0,,,,,,,,,,,,,,,,,
230,2018-07-19,18.1,12.3,24.3,0.0,,,,,,,,,,,,,,,,,
231,2018-07-20,18.6,12.1,24.9,0.0,,,,,,,,,,,,,,,,,
232,2018-07-21,20.0,12.3,25.5,0.0,,,,,,,,,,,,,,,,,
233,2018-07-22,21.1,13.3,28.0,0.0,,,,,,,,,,,,,,,,,
234,2018-07-23,20.0,11.7,27.1,0.0,,,,,,,,,,,,,,,,,
235,2018-07-24,24.4,14.4,32.1,0.0,,,,,,,,,,,,,,,,,
236,2018-07-25,25.5,18.2,33.6,0.2,,,,,,,,,,,,,,,,,
237,2018-07-26,26.2,17.2,32.6,0.0,,,,,,,,,,,,,,,,,
238,2018-07-27,25.6,19.1,31.4,0.0,,,,,,,,,,,,,,,,,
239,2018-07-28,22.2,16.5,31.4,11.2,,,,,,,,,,,,,,,,,
240,2018-07-29,21.1,12.6,28.6,0.0,,,,,,,,,,,,,,,,,
241,2018-07-30,24.7,19.0,30.7,0.0,,,,,,,,,,,,,,,,,
242,2018-07-31,25.8,19.3,33.0,0.7,,,,,,,,,,,,,,,,,
243,2018-08-01,22.2,16.7,28.1,0.0,,,,,,,,,,,,,,,,,
244,2018-08-02,23.7,16.1,30.7,0.0,,,,,,,,,,,,,,,,,
245,2018-08-03,25.0,16.8,32.7,0.0,,,,,,,,,,,,,,,,,
246,2018-08-04,22.9,17.0,29.2,0.0,,,,,,,,,,,,,,,,,
247,2018-08-05,18.9,12.8,23.1,0.0,,,,,,,,,,,,,,,,,
248,2018-08-06,21.0,11.1,30.3,0.0,,,,,,,,,,,,,,,,,
249,2018-08-07,25.3,13.3,35.0,0.0,,,,,,,,,,,,,,,,,
250,2018-08-08,24.4,16.5,30.7,0.0,,,,,,,,,,,,,,,,,
251,2018-08-09,21.1,13.7,29.9,10.4,,,,,,,,,,,,,,,,,
252,2018-08-10,17.7,12.2,22.3,1.1,,,,,,,,,,,,,,,,,
253,2018-08-11,14.6,10.1,20.0,0.6,,,,,,,,,,,,,,,,,
254,2018-08-12,16.8,9.8,22.5,0.1,,,,,,,,,,,,,,,,,
255,2018-08-13,19.7,15.0,27.9,0.7,,,,,,,,,,,,,,,,,
256,2018-08-14,17.9,15.2,23.4,4.9,,,,,,,,,,,,,,,,,
257,2018-08-15,18.4,14.6,23.1,0.0,,,,,,,,,,,,,,,,,
258,2018-08-16,21.1,13.8,28.3,0.0,,,,,,,,,,,,,,,,,
259,2018-08-17,17.2,11.3,21.3,0.1,,,,,,,,,,,,,,,,,
260,2018-08-18,17.5,9.0,24.8,0.0,,,,,,,,,,,,,,,,,
261,2018-08-19,19.1,11.7,26.3,0.1,,,,,,,,,,,,,,,,,
262,2018-08-20,18.9,15.0,22.9,0.4,,,,,,,,,,,,,,,,,
263,2018-08-21,18.1,12.4,24.7,0.0,,,,,,,,,,,,,,,,,
264,2018-08-22,20.2,10.1,29.5,0.0,,,,,,,,,,,,,,,,,
265,2018-08-23,19.7,13.5,27.2,0.0,,,,,,,,,,,,,,,,,
266,2018-08-24,16.0,9.6,21.5,1.2,,,,,,,,,,,,,,,,,
267,2018-08-25,11.2,8.2,15.7,7.1,,,,,,,,,,,,,,,,,
268,2018-08-26,13.5,8.1,19.7,0.3,,,,,,,,,,,,,,,,,
269,2018-08-27,15.2,12.7,20.7,0.3,,,,,,,,,,,,,,,,,
270,2018-08-28,16.2,11.0,21.0,0.0,,,,,,,,,,,,,,,,,
271,2018-08-29,18.1,10.1,26.0,8.7,,,,,,,,,,,,,,,,,
272,2018-08-30,15.6,9.2,18.3,3.4,,,,,,,,,,,,,,,,,
273,2018-08-31,13.9,7.5,19.9,0.0,,,,,,,,,,,,,,,,,
274,2018-09-01,15.0,9.5,21.7,0.0,,,,,,,,,,,,,,,,,
275,2018-09-02,16.4,8.5,22.3,0.0,,,,,,,,,,,,,,,,,
276,2018-09-03,20.3,15.4,27.4,0.0,,,,,,,,,,,,,,,,,
277,2018-09-04,17.9,13.0,23.9,0.0,,,,,,,,,,,,,,,,,
278,2018-09-05,16.9,11.1,23.0,0.0,,,,,,,,,,,,,,,,,
279,2018-09-06,18.1,13.2,24.9,4.1,,,,,,,,,,,,,,,,,
280,2018-09-07,14.8,7.9,20.4,1.3,,,,,,,,,,,,,,,,,
281,2018-09-08,14.1,8.4,19.9,0.0,,,,,,,,,,,,,,,,,
282,2018-09-09,17.4,12.2,23.5,0.0,,,,,,,,,,,,,,,,,
283,2018-09-10,17.7,14.1,22.1,0.0,,,,,,,,,,,,,,,,,
284,2018-09-11,18.5,14.7,23.2,0.4,,,,,,,,,,,,,,,,,
285,2018-09-12,14.1,11.4,18.5,1.1,,,,,,,,,,,,,,,,,
286,2018-09-13,13.6,8.6,18.6,0.0,,,,,,,,,,,,,,,,,
287,2018-09-14,13.0,5.8,19.9,0.0,,,,,,,,,,,,,,,,,
288,2018-09-15,13.9,10.4,19.5,2.0,,,,,,,,,,,,,,,,,
289,2018-09-16,15.3,8.7,21.5,0.0,,,,,,,,,,,,,,,,,
290,2018-09-17,16.8,9.7,24.9,0.0,,,,,,,,,,,,,,,,,
291,2018-09-18,21.3,11.8,30.8,0.0,,,,,,,,,,,,,,,,,
292,2018-09-19,20.0,13.5,26.7,0.0,,,,,,,,,,,,,,,,,
293,2018-09-20,20.5,16.4,25.4,0.0,,,,,,,,,,,,,,,,,
294,2018-09-21,16.5,9.1,24.2,7.4,,,,,,,,,,,,,,,,,
295,2018-09-22,11.1,9.0,15.6,4.4,,,,,,,,,,,,,,,,,
296,2018-09-23,9.8,7.4,12.2,3.5,,,,,,,,,,,,,,,,,
297,2018-09-24,8.1,3.7,11.9,1.7,,,,,,,,,,,,,,,,,
298,2018-09-25,8.9,3.1,14.7,0.0,,,,,,,,,,,,,,,,,
299,2018-09-26,12.5,7.1,16.6,0.0,,,,,,,,,,,,,,,,,
300,2018-09-27,16.6,13.1,21.4,0.1,,,,,,,,,,,,,,,,,
301,2018-09-28,12.0,5.3,15.6,0.0,,,,,,,,,,,,,,,,,
302,2018-09-29,8.5,2.1,14.4,0.0,,,,,,,,,,,,,,,,,
303,2018-09-30,9.9,3.6,14.8,0.4,,,,,,,,,,,,,,,,,
304,2018-10-01,8.8,5.6,12.2,4.7,0.0,,,,,,,,,,,,,,,,
305,2018-10-02,7.9,4.5,11.2,6.8,0.0,,,,,,,,,,,,,,,,
306,2018-10-03,10.1,7.7,13.8,1.4,0.0,,,,,,,,,,,,,,,,
307,2018-10-04,11.8,7.2,15.2,0.5,0.0,,,,,,,,,,,,,,,,
308,2018-10-05,14.5,9.6,20.6,0.0,0.0,,,,,,,,,,,,,,,,
309,2018-10-06,14.5,8.1,21.1,2.7,0.0,,,,,,,,,,,,,,,,
310,2018-10-07,9.4,3.6,14.1,0.0,0.0,,,,,,,,,,,,,,,,
311,2018-10-08,8.8,2.9,15.0,0.0,0.0,,,,,,,,,,,,,,,,
312,2018-10-09,11.7,5.3,18.3,0.0,0.0,,,,,,,,,,,,,,,,
313,2018-10-10,13.9,5.5,21.1,0.0,0.0,,,,,,,,,,,,,,,,
314,2018-10-11,15.8,11.0,21.8,0.0,0.0,,,,,,,,,,,,,,,,
315,2018-10-12,18.0,10.4,24.4,0.0,0.0,,,,,,,,,,,,,,,,
316,2018-10-13,19.6,12.7,27.3,0.0,0.0,,,,,,,,,,,,,,,,
317,2018-10-14,16.6,8.9,24.6,0.0,0.0,,,,,,,,,,,,,,,,
318,2018-10-15,16.0,8.7,25.2,0.0,0.0,,,,,,,,,,,,,,,,
319,2018-10-16,15.1,10.5,19.3,0.4,0.0,,,,,,,,,,,,,,,,
320,2018-10-17,15.5,9.9,23.7,0.0,0.0,,,,,,,,,,,,,,,,
321,2018-10-18,11.4,4.5,14.4,1.2,0.0,,,,,,,,,,,,,,,,
322,2018-10-19,6.8,2.9,12.5,0.0,0.0,,,,,,,,,,,,,,,,
323,2018-10-20,8.2,2.1,13.7,0.0,0.0,,,,,,,,,,,,,,,,
324,2018-10-21,11.3,7.4,14.7,0.5,0.0,,,,,,,,,,,,,,,,
325,2018-10-22,10.1,5.7,13.4,0.0,0.0,,,,,,,,,,,,,,,,
326,2018-10-23,10.2,6.3,12.2,9.2,0.0,,,,,,,,,,,,,,,,
327,2018-10-24,10.6,9.1,13.1,2.4,0.0,,,,,,,,,,,,,,,,
328,2018-10-25,10.7,8.4,12.3,2.3,0.0,,,,,,,,,,,,,,,,
329,2018-10-26,8.9,6.9,11.4,2.8,0.0,,,,,,,,,,,,,,,,
330,2018-10-27,5.5,2.1,8.3,0.1,0.0,,,,,,,,,,,,,,,,
331,2018-10-28,2.7,-0.1,5.9,0.3,0.0,,,,,,,,,,,,,,,,
332,2018-10-29,4.3,2.3,5.2,0.1,0.0,,,,,,,,,,,,,,,,
333,2018-10-30,6.4,3.8,9.9,2.5,0.0,,,,,,,,,,,,,,,,
334,2018-10-31,8.3,5.9,11.1,0.0,0.0,,,,,,,,,,,,,,,,
335,2018-11-01,7.4,4.2,9.3,0.0,0.0,,,,,,,,,,,,,,,,
336,2018-11-02,8.2,2.3,12.0,0.0,0.0,,,,,,,,,,,,,,,,
337,2018-11-03,3.8,-0.5,9.5,0.0,0.0,,,,,,,,,,,,,,,,
338,2018-11-04,5.6,-0.2,9.5,0.0,0.0,,,,,,,,,,,,,,,,
339,2018-11-05,9.6,7.6,11.1,0.0,0.0,,,,,,,,,,,,,,,,
340,2018-11-06,8.8,6.0,13.5,0.0,0.0,,,,,,,,,,,,,,,,
341,2018-11-07,10.0,4.0,16.0,0.3,0.0,,,,,,,,,,,,,,,,
342,2018-11-08,9.7,4.9,13.3,0.0,0.0,,,,,,,,,,,,,,,,
343,2018-11-09,7.6,4.1,11.1,1.6,0.0,,,,,,,,,,,,,,,,
344,2018-11-10,9.6,5.8,12.1,3.3,0.0,,,,,,,,,,,,,,,,
345,2018-11-11,11.6,10.1,14.0,2.7,0.0,,,,,,,,,,,,,,,,
346,2018-11-12,10.6,9.0,13.1,3.3,0.0,,,,,,,,,,,,,,,,
347,2018-11-13,9.4,7.6,11.1,3.2,0.0,,,,,,,,,,,,,,,,
348,2018-11-14,8.2,6.6,10.4,0.0,0.0,,,,,,,,,,,,,,,,
349,2018-11-15,5.6,1.9,9.5,0.0,0.0,,,,,,,,,,,,,,,,
350,2018-11-16,4.8,2.4,8.6,0.0,0.0,,,,,,,,,,,,,,,,
351,2018-11-17,1.6,-1.0,4.8,0.0,0.0,,,,,,,,,,,,,,,,
352,2018-11-18,2.4,-2.4,6.4,0.0,0.0,,,,,,,,,,,,,,,,
353,2018-11-19,4.6,2.2,5.9,0.0,0.0,,,,,,,,,,,,,,,,
354,2018-11-20,2.5,1.9,3.7,0.0,0.0,,,,,,,,,,,,,,,,
355,2018-11-21,1.1,0.1,2.1,0.0,0.0,,,,,,,,,,,,,,,,
356,2018-11-22,0.8,0.1,1.4,0.1,0.0,,,,,,,,,,,,,,,,
357,2018-11-23,1.3,0.6,2.1,0.0,0.0,,,,,,,,,,,,,,,,
358,2018-11-24,1.9,1.2,2.4,0.1,0.0,,,,,,,,,,,,,,,,
359,2018-11-25,3.0,1.8,4.3,0.0,0.0,,,,,,,,,,,,,,,,
360,2018-11-26,2.5,0.4,4.4,0.0,0.0,,,,,,,,,,,,,,,,
361,2018-11-27,-0.6,-3.2,1.3,0.0,0.0,,,,,,,,,,,,,,,,
362,2018-11-28,-1.3,-4.1,1.2,0.7,0.0,,,,,,,,,,,,,,,,
363,2018-11-29,3.5,0.4,6.8,3.1,0.0,,,,,,,,,,,,,,,,
364,2018-11-30,6.7,4.1,8.4,0.0,0.0,,,,,,,,,,,,,,,,
365,2018-12-01,6.8,5.1,8.5,0.4,0.0,,,,,,,,,,,,,,,,
366,2018-12-02,9.0,6.6,11.5,9.0,0.0,,,,,,,,,,,,,,,,
367,2018-12-03,10.6,6.6,11.9,4.4,0.0,,,,,,,,,,,,,,,,
368,2018-12-04,4.7,0.7,6.8,0.4,0.0,,,,,,,,,,,,,,,,
369,2018-12-05,1.7,-1.0,4.2,1.1,0.0,,,,,,,,,,,,,,,,
370,2018-12-06,7.0,3.0,10.9,3.3,0.0,,,,,,,,,,,,,,,,
371,2018-12-07,10.2,5.6,11.0,13.1,0.0,,,,,,,,,,,,,,,,
372,2018-12-08,6.6,5.1,8.0,8.7,0.0,,,,,,,,,,,,,,,,
373,2018-12-09,6.4,4.3,8.6,6.7,0.0,,,,,,,,,,,,,,,,
374,2018-12-10,3.7,2.5,5.5,4.2,0.0,,,,,,,,,,,,,,,,
375,2018-12-11,4.1,1.9,5.4,0.0,0.0,,,,,,,,,,,,,,,,
376,2018-12-12,2.3,0.4,4.1,2.1,0.0,,,,,,,,,,,,,,,,
377,2018-12-13,1.5,0.2,2.2,0.0,0.0,,,,,,,,,,,,,,,,
378,2018-12-14,0.5,-0.8,1.8,0.0,0.0,,,,,,,,,,,,,,,,
379,2018-12-15,-0.7,-1.4,-0.1,0.0,0.0,,,,,,,,,,,,,,,,
380,2018-12-16,-1.0,-2.3,-0.3,0.3,0.0,,,,,,,,,,,,,,,,
381,2018-12-17,1.1,-1.0,5.0,1.1,0.0,,,,,,,,,,,,,,,,
382,2018-12-18,4.5,1.1,6.2,0.0,0.0,,,,,,,,,,,,,,,,
383,2018-12-19,3.1,1.0,5.2,0.3,0.0,,,,,,,,,,,,,,,,
384,2018-12-20,5.2,3.7,6.4,2.5,0.0,,,,,,,,,,,,,,,,
385,2018-12-21,7.0,5.4,10.5,12.2,0.0,,,,,,,,,,,,,,,,
386,2018-12-22,6.3,5.5,7.1,5.6,0.0,,,,,,,,,,,,,,,,
387,2018-12-23,6.4,5.0,7.1,4.7,0.0,,,,,,,,,,,,,,,,
388,2018-12-24,2.4,0.5,5.0,0.1,0.0,,,,,,,,,,,,,,,,
389,2018-12-25,5.0,3.0,6.3,0.0,0.0,,,,,,,,,,,,,,,,
390,2018-12-26,5.8,4.4,7.2,0.1,0.0,,,,,,,,,,,,,,,,
391,2018-12-27,4.9,4.2,5.5,0.2,0.0,,,,,,,,,,,,,,,,
392,2018-12-28,6.1,5.2,7.0,2.1,0.0,,,,,,,,,,,,,,,,
393,2018-12-29,6.4,5.2,7.9,8.9,0.0,,,,,,,,,,,,,,,,
394,2018-12-30,6.8,5.7,8.4,0.0,0.0,,,,,,,,,,,,,,,,
395,2018-12-31,7.1,5.6,8.6,0.1,0.0,,,,,,,,,,,,,,,,
396,2019-01-01,6.1,3.2,8.0,2.5,0.0,,,,,,,,,,,,,,,,
397,2019-01-02,2.6,-1.7,4.6,0.0,0.0,,,,,,,,,,,,,,,,
398,2019-01-03,-0.8,-3.8,3.6,0.2,0.0,,,,,,,,,,,,,,,,
399,2019-01-04,3.4,-1.0,7.1,3.7,0.0,,,,,,,,,,,,,,,,
400,2019-01-05,6.9,5.5,7.4,0.6,0.0,,,,,,,,,,,,,,,,
401,2019-01-06,5.7,5.0,6.3,2.4,0.0,,,,,,,,,,,,,,,,
402,2019-01-07,6.0,5.2,7.4,12.0,0.0,,,,,,,,,,,,,,,,
403,2019-01-08,5.4,2.6,7.3,5.1,0.0,,,,,,,,,,,,,,,,
404,2019-01-09,2.6,1.2,3.5,0.0,0.0,,,,,,,,,,,,,,,,
405,2019-01-10,0.9,0.2,2.3,1.5,0.0,,,,,,,,,,,,,,,,
406,2019-01-11,4.6,0.6,7.3,0.9,0.0,,,,,,,,,,,,,,,,
407,2019-01-12,5.6,4.2,6.6,9.8,0.0,,,,,,,,,,,,,,,,
408,2019-01-13,6.7,4.4,8.3,8.4,0.0,,,,,,,,,,,,,,,,
409,2019-01-14,2.6,1.4,4.4,0.0,0.0,,,,,,,,,,,,,,,,
410,2019-01-15,4.8,2.3,7.0,5.5,0.0,,,,,,,,,,,,,,,,
411,2019-01-16,5.8,3.9,6.9,2.9,0.0,,,,,,,,,,,,,,,,
412,2019-01-17,2.9,-0.9,5.0,3.0,0.0,,,,,,,,,,,,,,,,
413,2019-01-18,-1.1,-4.0,1.2,0.0,0.0,,,,,,,,,,,,,,,,
414,2019-01-19,-1.3,-4.1,2.7,0.0,0.0,,,,,,,,,,,,,,,,
415,2019-01-20,-4.6,-6.4,-2.7,0.0,0.0,,,,,,,,,,,,,,,,
416,2019-01-21,-3.7,-8.4,-0.7,0.0,0.0,,,,,,,,,,,,,,,,
417,2019-01-22,-1.7,-4.4,0.5,0.0,0.0,,,,,,,,,,,,,,,,
418,2019-01-23,-5.7,-7.0,-4.3,0.0,0.0,,,,,,,,,,,,,,,,
419,2019-01-24,-4.9,-7.0,-3.3,0.0,0.0,,,,,,,,,,,,,,,,
420,2019-01-25,-3.8,-4.4,-0.8,0.9,0.0,,,,,,,,,,,,,,,,
421,2019-01-26,2.9,-0.8,5.2,10.7,0.0,,,,,,,,,,,,,,,,
422,2019-01-27,4.4,2.6,5.4,2.7,0.0,,,,,,,,,,,,,,,,
423,2019-01-28,1.7,-1.7,2.8,0.7,0.0,,,,,,,,,,,,,,,,
424,2019-01-29,-0.1,-1.8,1.7,0.0,0.0,,,,,,,,,,,,,,,,
425,2019-01-30,-0.6,-2.4,1.9,0.1,0.0,,,,,,,,,,,,,,,,
426,2019-01-31,0.3,-2.6,3.1,0.0,0.0,,,,,,,,,,,,,,,,
427,2019-02-01,-1.8,-3.3,-0.3,0.0,0.0,,,,,,,,,,,,,,,,
428,2019-02-02,-0.2,-2.7,1.7,0.1,0.0,,,,,,,,,,,,,,,,
429,2019-02-03,1.1,-1.2,3.8,0.0,0.0,,,,,,,,,,,,,,,,
430,2019-02-04,1.3,-2.4,3.4,0.0,0.0,,,,,,,,,,,,,,,,
431,2019-02-05,2.5,1.0,3.9,0.0,0.0,,,,,,,,,,,,,,,,
432,2019-02-06,3.6,1.2,5.7,5.5,0.0,,,,,,,,,,,,,,,,
433,2019-02-07,5.4,2.9,8.5,0.7,0.0,,,,,,,,,,,,,,,,
434,2019-02-08,6.4,5.0,8.2,1.3,0.0,,,,,,,,,,,,,,,,
435,2019-02-09,7.2,5.9,9.4,0.9,0.0,,,,,,,,,,,,,,,,
436,2019-02-10,5.8,0.9,8.3,15.0,0.0,,,,,,,,,,,,,,,,
437,2019-02-11,4.4,2.6,6.4,0.0,0.0,,,,,,,,,,,,,,,,
438,2019-02-12,4.2,1.7,7.1,1.2,0.0,,,,,,,,,,,,,,,,
439,2019-02-13,6.4,5.2,7.5,0.1,0.0,,,,,,,,,,,,,,,,
440,2019-02-14,6.2,2.7,11.0,0.0,0.0,,,,,,,,,,,,,,,,
441,2019-02-15,6.8,-1.2,15.6,0.0,0.0,,,,,,,,,,,,,,,,
442,2019-02-16,8.2,4.5,13.2,0.0,0.0,,,,,,,,,,,,,,,,
443,2019-02-17,7.3,1.6,14.5,0.0,0.0,,,,,,,,,,,,,,,,
444,2019-02-18,7.8,1.1,14.7,0.3,0.0,,,,,,,,,,,,,,,,
445,2019-02-19,6.2,3.7,8.3,0.1,0.0,,,,,,,,,,,,,,,,
446,2019-02-20,7.1,5.2,8.8,0.1,0.0,,,,,,,,,,,,,,,,
447,2019-02-21,8.0,6.3,9.9,1.4,0.0,,,,,,,,,,,,,,,,
448,2019-02-22,4.4,-0.4,7.2,0.0,0.0,,,,,,,,,,,,,,,,
449,2019-02-23,2.0,-2.3,7.8,0.0,0.0,,,,,,,,,,,,,,,,
450,2019-02-24,5.0,-2.1,14.0,0.0,0.0,,,,,,,,,,,,,,,,
451,2019-02-25,6.2,-1.5,14.8,0.0,0.0,,,,,,,,,,,,,,,,
452,2019-02-26,6.2,0.5,14.7,0.0,0.0,,,,,,,,,,,,,,,,
453,2019-02-27,7.7,-1.1,16.3,0.0,0.0,,,,,,,,,,,,,,,,
454,2019-02-28,4.8,2.9,7.1,0.2,0.0,,,,,,,,,,,,,,,,
455,2019-03-01,4.4,2.7,6.0,0.0,0.0,,,,,,,,,,,,,,,,
456,2019-03-02,5.1,3.3,7.4,0.1,0.0,,,,,,,,,,,,,,,,
457,2019-03-03,9.3,7.1,10.4,5.8,0.0,,,,,,,,,,,,,,,,
458,2019-03-04,8.5,5.7,11.5,6.1,0.0,,,,,,,,,,,,,,,,
459,2019-03-05,4.9,1.8,7.6,1.6,0.0,,,,,,,,,,,,,,,,
460,2019-03-06,6.5,1.6,10.9,0.9,0.0,,,,,,,,,,,,,,,,
461,2019-03-07,9.3,6.3,13.0,6.2,0.0,,,,,,,,,,,,,,,,
462,2019-03-08,6.3,4.4,8.6,4.9,0.0,,,,,,,,,,,,,,,,
463,2019-03-09,6.3,4.0,9.3,2.7,0.0,,,,,,,,,,,,,,,,
464,2019-03-10,4.1,1.5,7.1,6.5,0.0,,,,,,,,,,,,,,,,
465,2019-03-11,2.5,0.4,5.8,0.2,0.0,,,,,,,,,,,,,,,,
466,2019-03-12,4.9,0.8,7.5,0.2,0.0,,,,,,,,,,,,,,,,
467,2019-03-13,5.5,4.0,7.2,7.2,0.0,,,,,,,,,,,,,,,,
468,2019-03-14,5.4,4.4,6.5,11.1,0.0,,,,,,,,,,,,,,,,
469,2019-03-15,6.9,5.0,10.9,1.9,0.0,,,,,,,,,,,,,,,,
470,2019-03-16,6.6,4.0,9.6,6.5,0.0,,,,,,,,,,,,,,,,
471,2019-03-17,7.0,3.7,10.0,2.9,0.0,,,,,,,,,,,,,,,,
472,2019-03-18,4.8,2.2,7.8,1.2,0.0,,,,,,,,,,,,,,,,
473,2019-03-19,3.8,-0.3,8.8,0.4,0.0,,,,,,,,,,,,,,,,
474,2019-03-20,6.4,0.3,10.4,0.0,0.0,,,,,,,,,,,,,,,,
475,2019-03-21,9.7,8.5,11.5,0.0,0.0,,,,,,,,,,,,,,,,
476,2019-03-22,11.2,8.3,17.5,0.0,0.0,,,,,,,,,,,,,,,,
477,2019-03-23,7.2,3.9,10.8,0.0,0.0,,,,,,,,,,,,,,,,
478,2019-03-24,5.6,2.3,10.0,3.0,0.0,,,,,,,,,,,,,,,,
479,2019-03-25,4.6,1.9,8.2,5.2,0.0,,,,,,,,,,,,,,,,
480,2019-03-26,5.7,3.4,8.3,1.3,0.0,,,,,,,,,,,,,,,,
481,2019-03-27,7.2,5.3,10.1,1.5,0.0,,,,,,,,,,,,,,,,
482,2019-03-28,8.7,6.8,11.2,0.0,0.0,,,,,,,,,,,,,,,,
483,2019-03-29,10.6,5.6,15.1,0.0,0.0,,,,,,,,,,,,,,,,
484,2019-03-30,10.4,2.9,17.6,0.0,0.0,,,,,,,,,,,,,,,,
485,2019-03-31,6.7,1.5,10.6,0.0,0.0,,,,,,,,,,,,,,,,
486,2019-04-01,5.0,-1.2,10.9,0.0,0.0,,,,,,,,,,,,,,,,
487,2019-04-02,8.7,2.0,14.0,0.4,0.0,,,,,,,,,,,,,,,,
488,2019-04-03,9.6,7.1,11.9,0.8,0.0,,,,,,,,,,,,,,,,
489,2019-04-04,7.4,3.9,10.8,0.0,0.0,,,,,,,,,,,,,,,,
490,2019-04-05,8.0,6.6,10.1,0.0,0.0,,,,,,,,,,,,,,,,
491,2019-04-06,12.3,5.2,20.5,2.1,0.0,,,,,,,,,,,,,,,,
492,2019-04-07,12.9,7.0,19.3,0.0,0.0,,,,,,,,,,,,,,,,
493,2019-04-08,9.3,3.6,15.1,0.0,0.0,,,,,,,,,,,,,,,,
494,2019-04-09,5.1,0.2,10.2,0.0,0.0,,,,,,,,,,,,,,,,
495,2019-04-10,3.7,-1.7,9.4,0.0,0.0,,,,,,,,,,,,,,,,
496,2019-04-11,3.9,1.3,6.3,0.0,0.0,,,,,,,,,,,,,,,,
497,2019-04-12,2.9,-0.4,7.2,0.1,0.0,,,,,,,,,,,,,,,,
498,2019-04-13,2.3,-0.1,6.9,2.9,0.0,,,,,,,,,,,,,,,,
499,2019-04-14,4.2,-0.1,7.0,0.3,0.0,,,,,,,,,,,,,,,,
500,2019-04-15,7.0,2.3,12.7,0.0,0.0,,,,,,,,,,,,,,,,
501,2019-04-16,7.5,0.3,14.6,0.0,0.0,,,,,,,,,,,,,,,,
502,2019-04-17,10.7,2.7,17.5,0.0,0.0,,,,,,,,,,,,,,,,
503,2019-04-18,12.5,4.9,20.2,0.0,0.0,,,,,,,,,,,,,,,,
504,2019-04-19,13.8,5.9,21.8,0.0,0.0,,,,,,,,,,,,,,,,
505,2019-04-20,11.9,5.7,18.4,0.0,0.0,,,,,,,,,,,,,,,,
506,2019-04-21,12.9,3.4,20.7,0.0,0.0,,,,,,,,,,,,,,,,
507,2019-04-22,14.0,5.9,20.5,0.0,0.0,,,,,,,,,,,,,,,,
508,2019-04-23,14.6,9.4,20.4,0.0,0.0,,,,,,,,,,,,,,,,
509,2019-04-24,17.0,11.4,23.5,0.8,0.0,,,,,,,,,,,,,,,,
510,2019-04-25,16.4,7.4,22.1,0.0,0.0,,,,,,,,,,,,,,,,
511,2019-04-26,13.3,9.0,17.0,1.7,0.0,,,,,,,,,,,,,,,,
512,2019-04-27,10.8,7.1,17.9,7.1,0.0,,,,,,,,,,,,,,,,
513,2019-04-28,8.6,5.0,12.6,4.1,0.0,,,,,,,,,,,,,,,,
514,2019-04-29,9.6,4.2,16.8,2.0,0.0,,,,,,,,,,,,,,,,
515,2019-04-30,10.2,1.8,18.4,0.0,0.0,,,,,,,,,,,,,,,,
516,2019-05-01,9.0,7.4,11.5,0.0,,,,,,,,,,,,,,,,,
517,2019-05-02,8.8,5.2,13.4,2.1,,,,,,,,,,,,,,,,,
518,2019-05-03,6.2,2.4,10.5,0.8,,,,,,,,,,,,,,,,,
519,2019-05-04,4.7,-0.2,9.3,1.0,,,,,,,,,,,,,,,,,
520,2019-05-05,5.2,-1.4,11.8,0.0,,,,,,,,,,,,,,,,,
521,2019-05-06,5.0,0.9,9.0,4.2,,,,,,,,,,,,,,,,,
522,2019-05-07,6.5,0.5,11.8,0.0,,,,,,,,,,,,,,,,,
523,2019-05-08,8.9,1.8,14.5,9.6,,,,,,,,,,,,,,,,,
524,2019-05-09,12.0,8.3,17.5,0.1,,,,,,,,,,,,,,,,,
525,2019-05-10,9.3,2.3,12.4,0.4,,,,,,,,,,,,,,,,,
526,2019-05-11,9.1,2.9,14.9,0.0,,,,,,,,,,,,,,,,,
527,2019-05-12,8.8,3.7,13.7,0.0,,,,,,,,,,,,,,,,,
528,2019-05-13,9.0,2.1,14.4,0.0,,,,,,,,,,,,,,,,,
529,2019-05-14,9.2,3.2,14.6,0.0,,,,,,,,,,,,,,,,,
530,2019-05-15,9.9,1.9,16.0,0.0,,,,,,,,,,,,,,,,,
531,2019-05-16,9.5,8.1,11.5,11.3,,,,,,,,,,,,,,,,,
532,2019-05-17,12.2,9.1,16.1,0.0,,,,,,,,,,,,,,,,,
533,2019-05-18,16.5,10.1,22.3,0.0,,,,,,,,,,,,,,,,,
534,2019-05-19,15.8,11.2,22.9,0.0,,,,,,,,,,,,,,,,,
535,2019-05-20,16.0,11.1,20.6,5.1,,,,,,,,,,,,,,,,,
536,2019-05-21,13.9,10.6,16.1,20.8,,,,,,,,,,,,,,,,,
537,2019-05-22,10.8,6.0,14.7,0.0,,,,,,,,,,,,,,,,,
538,2019-05-23,13.2,4.6,19.3,0.0,,,,,,,,,,,,,,,,,
539,2019-05-24,14.4,7.4,21.9,0.0,,,,,,,,,,,,,,,,,
540,2019-05-25,11.0,6.6,13.9,0.0,,,,,,,,,,,,,,,,,
541,2019-05-26,13.6,6.1,19.5,6.5,,,,,,,,,,,,,,,,,
542,2019-05-27,14.5,10.3,17.4,0.0,,,,,,,,,,,,,,,,,
543,2019-05-28,11.3,6.1,16.1,0.0,,,,,,,,,,,,,,,,,
544,2019-05-29,10.2,3.7,15.9,0.0,,,,,,,,,,,,,,,,,
545,2019-05-30,14.0,7.6,18.1,0.3,,,,,,,,,,,,,,,,,
546,2019-05-31,17.7,13.1,23.0,0.0,,,,,,,,,,,,,,,,,
547,2019-06-01,17.7,12.2,24.2,0.0,,,,,,,,,,,,,,,,,
548,2019-06-02,21.4,11.7,28.8,0.0,,,,,,,,,,,,,,,,,
549,2019-06-03,19.4,13.5,22.9,4.4,,,,,,,,,,,,,,,,,
550,2019-06-04,16.9,13.2,23.0,0.0,,,,,,,,,,,,,,,,,
551,2019-06-05,22.7,17.2,28.0,0.0,,,,,,,,,,,,,,,,,
552,2019-06-06,17.0,10.6,21.8,1.4,,,,,,,,,,,,,,,,,
553,2019-06-07,16.8,8.8,22.9,10.1,,,,,,,,,,,,,,,,,
554,2019-06-08,15.0,12.0,18.3,0.0,,,,,,,,,,,,,,,,,
555,2019-06-09,16.2,10.5,22.4,1.0,,,,,,,,,,,,,,,,,
556,2019-06-10,17.1,13.0,23.3,1.0,,,,,,,,,,,,,,,,,
557,2019-06-11,17.6,14.6,22.4,8.9,,,,,,,,,,,,,,,,,
558,2019-06-12,16.6,12.2,19.1,1.2,,,,,,,,,,,,,,,,,
559,2019-06-13,17.1,11.5,22.5,0.0,,,,,,,,,,,,,,,,,
560,2019-06-14,19.3,11.0,26.8,7.0,,,,,,,,,,,,,,,,,
561,2019-06-15,18.1,12.0,22.0,0.7,,,,,,,,,,,,,,,,,
562,2019-06-16,16.8,10.0,23.0,0.6,,,,,,,,,,,,,,,,,
563,2019-06-17,18.9,10.6,24.8,0.0,,,,,,,,,,,,,,,,,
564,2019-06-18,21.6,15.8,27.4,0.0,,,,,,,,,,,,,,,,,
565,2019-06-19,21.7,15.8,29.9,10.5,,,,,,,,,,,,,,,,,
566,2019-06-20,17.8,14.6,22.8,3.8,,,,,,,,,,,,,,,,,
567,2019-06-21,16.1,11.0,21.5,0.0,,,,,,,,,,,,,,,,,
568,2019-06-22,16.1,8.5,22.0,0.0,,,,,,,,,,,,,,,,,
569,2019-06-23,19.2,12.7,25.6,0.0,,,,,,,,,,,,,,,,,
570,2019-06-24,21.3,13.6,28.2,0.0,,,,,,,,,,,,,,,,,
571,2019-06-25,24.0,14.3,31.5,0.0,,,,,,,,,,,,,,,,,
572,2019-06-26,22.4,14.3,28.7,0.0,,,,,,,,,,,,,,,,,
573,2019-06-27,15.0,12.8,18.1,0.0,,,,,,,,,,,,,,,,,
574,2019-06-28,16.7,12.2,22.6,0.0,,,,,,,,,,,,,,,,,
575,2019-06-29,21.1,9.0,30.7,0.0,,,,,,,,,,,,,,,,,
576,2019-06-30,23.2,14.1,33.7,0.0,,,,,,,,,,,,,,,,,
577,2019-07-01,18.1,12.0,24.3,0.0,,,,,,,,,,,,,,,,,
578,2019-07-02,14.7,7.7,18.3,0.0,,,,,,,,,,,,,,,,,
579,2019-07-03,12.7,6.6,18.3,0.1,,,,,,,,,,,,,,,,,
580,2019-07-04,14.4,5.9,19.6,0.0,,,,,,,,,,,,,,,,,
581,2019-07-05,15.5,14.1,17.7,0.1,,,,,,,,,,,,,,,,,
582,2019-07-06,14.5,12.1,17.1,3.5,,,,,,,,,,,,,,,,,
583,2019-07-07,13.1,10.6,16.8,0.3,,,,,,,,,,,,,,,,,
584,2019-07-08,11.9,10.1,16.5,6.6,,,,,,,,,,,,,,,,,
585,2019-07-09,12.5,9.0,16.6,1.1,,,,,,,,,,,,,,,,,
586,2019-07-10,14.5,8.9,20.1,0.1,,,,,,,,,,,,,,,,,
587,2019-07-11,15.8,11.9,21.2,3.7,,,,,,,,,,,,,,,,,
588,2019-07-12,16.5,13.8,20.1,2.5,,,,,,,,,,,,,,,,,
589,2019-07-13,16.9,13.4,22.2,0.2,,,,,,,,,,,,,,,,,
590,2019-07-14,14.0,12.6,16.3,0.1,,,,,,,,,,,,,,,,,
591,2019-07-15,13.9,12.3,16.8,0.1,,,,,,,,,,,,,,,,,
592,2019-07-16,15.3,12.8,20.1,0.0,,,,,,,,,,,,,,,,,
593,2019-07-17,15.9,11.8,21.6,0.0,,,,,,,,,,,,,,,,,
594,2019-07-18,18.8,10.2,25.8,0.1,,,,,,,,,,,,,,,,,
595,2019-07-19,19.0,13.8,24.9,0.0,,,,,,,,,,,,,,,,,
596,2019-07-20,19.2,13.2,29.7,14.1,,,,,,,,,,,,,,,,,
597,2019-07-21,18.5,12.3,24.1,0.0,,,,,,,,,,,,,,,,,
598,2019-07-22,17.9,10.2,24.5,0.0,,,,,,,,,,,,,,,,,
599,2019-07-23,22.9,14.0,30.6,0.0,,,,,,,,,,,,,,,,,
600,2019-07-24,25.7,17.9,32.7,0.0,,,,,,,,,,,,,,,,,
601,2019-07-25,26.7,17.9,34.5,0.0,,,,,,,,,,,,,,,,,
602,2019-07-26,23.7,16.5,30.4,0.0,,,,,,,,,,,,,,,,,
603,2019-07-27,22.3,16.2,28.2,0.0,,,,,,,,,,,,,,,,,
604,2019-07-28,22.6,16.8,29.2,0.0,,,,,,,,,,,,,,,,,
605,2019-07-29,20.6,16.7,24.3,2.7,,,,,,,,,,,,,,,,,
606,2019-07-30,20.5,15.3,27.7,0.8,,,,,,,,,,,,,,,,,
607,2019-07-31,19.6,13.2,27.3,2.3,,,,,,,,,,,,,,,,,
608,2019-08-01,18.7,11.7,25.7,0.1,,,,,,,,,,,,,,,,,
609,2019-08-02,18.2,14.6,23.2,0.5,,,,,,,,,,,,,,,,,
610,2019-08-03,18.4,11.6,25.0,0.0,,,,,,,,,,,,,,,,,
611,2019-08-04,17.3,11.9,22.5,0.0,,,,,,,,,,,,,,,,,
612,2019-08-05,18.6,13.6,23.9,0.0,,,,,,,,,,,,,,,,,
613,2019-08-06,19.8,13.4,26.5,0.0,,,,,,,,,,,,,,,,,
614,2019-08-07,17.8,12.6,26.3,0.6,,,,,,,,,,,,,,,,,
615,2019-08-08,17.8,12.5,24.8,1.4,,,,,,,,,,,,,,,,,
616,2019-08-09,17.9,9.6,23.7,2.6,,,,,,,,,,,,,,,,,
617,2019-08-10,19.7,15.2,25.3,2.6,,,,,,,,,,,,,,,,,
618,2019-08-11,19.4,14.9,24.7,0.0,,,,,,,,,,,,,,,,,
619,2019-08-12,18.6,14.3,25.2,1.6,,,,,,,,,,,,,,,,,
620,2019-08-13,13.8,9.9,18.5,1.6,,,,,,,,,,,,,,,,,
621,2019-08-14,15.3,9.1,22.1,1.6,,,,,,,,,,,,,,,,,
622,2019-08-15,15.7,12.4,18.8,6.8,,,,,,,,,,,,,,,,,
623,2019-08-16,17.0,14.3,21.9,0.9,,,,,,,,,,,,,,,,,
624,2019-08-17,17.6,14.6,22.1,4.7,,,,,,,,,,,,,,,,,
625,2019-08-18,16.4,14.3,17.6,3.6,,,,,,,,,,,,,,,,,
626,2019-08-19,16.9,13.4,22.4,0.0,,,,,,,,,,,,,,,,,
627,2019-08-20,16.4,11.4,22.8,0.0,,,,,,,,,,,,,,,,,
628,2019-08-21,15.5,10.0,21.9,0.0,,,,,,,,,,,,,,,,,
629,2019-08-22,18.3,8.9,26.4,0.0,,,,,,,,,,,,,,,,,
630,2019-08-23,19.5,10.1,27.0,0.0,,,,,,,,,,,,,,,,,
631,2019-08-24,21.1,14.0,29.0,0.0,,,,,,,,,,,,,,,,,
632,2019-08-25,22.8,15.6,29.8,0.0,,,,,,,,,,,,,,,,,
633,2019-08-26,24.9,17.6,31.7,0.0,,,,,,,,,,,,,,,,,
634,2019-08-27,23.6,18.1,32.2,0.1,,,,,,,,,,,,,,,,,
635,2019-08-28,24.4,18.6,32.9,1.3,,,,,,,,,,,,,,,,,
636,2019-08-29,19.9,14.9,24.7,5.6,,,,,,,,,,,,,,,,,
637,2019-08-30,19.0,12.5,25.6,0.0,,,,,,,,,,,,,,,,,
638,2019-08-31,23.3,12.4,32.1,0.0,,,,,,,,,,,,,,,,,
639,2019-09-01,17.6,11.0,22.9,0.0,,,,,,,,,,,,,,,,,
640,2019-09-02,13.3,9.2,19.2,2.4,,,,,,,,,,,,,,,,,
641,2019-09-03,14.6,11.5,18.8,3.2,,,,,,,,,,,,,,,,,
642,2019-09-04,16.0,12.6,21.9,1.2,,,,,,,,,,,,,,,,,
643,2019-09-05,12.8,8.3,17.3,5.6,,,,,,,,,,,,,,,,,
644,2019-09-06,13.3,7.7,17.6,0.1,,,,,,,,,,,,,,,,,
645,2019-09-07,13.7,10.2,18.9,1.0,,,,,,,,,,,,,,,,,
646,2019-09-08,13.9,9.1,18.6,0.0,,,,,,,,,,,,,,,,,
647,2019-09-09,13.7,8.8,18.4,3.3,,,,,,,,,,,,,,,,,
648,2019-09-10,13.8,9.2,19.2,0.0,,,,,,,,,,,,,,,,,
649,2019-09-11,13.9,7.4,20.9,1.9,,,,,,,,,,,,,,,,,
650,2019-09-12,16.7,14.2,21.2,0.0,,,,,,,,,,,,,,,,,
651,2019-09-13,15.8,7.9,19.5,1.0,,,,,,,,,,,,,,,,,
652,2019-09-14,12.2,5.7,18.9,0.0,,,,,,,,,,,,,,,,,
653,2019-09-15,13.8,9.0,19.3,1.3,,,,,,,,,,,,,,,,,
654,2019-09-16,12.7,9.4,17.2,0.1,,,,,,,,,,,,,,,,,
655,2019-09-17,10.6,7.3,14.5,4.3,,,,,,,,,,,,,,,,,
656,2019-09-18,10.7,6.9,16.1,0.1,,,,,,,,,,,,,,,,,
657,2019-09-19,10.4,5.6,16.3,0.0,,,,,,,,,,,,,,,,,
658,2019-09-20,11.5,5.1,16.7,0.0,,,,,,,,,,,,,,,,,
659,2019-09-21,14.6,7.6,21.3,0.0,,,,,,,,,,,,,,,,,
660,2019-09-22,16.1,7.7,25.6,0.0,,,,,,,,,,,,,,,,,
661,2019-09-23,14.5,8.7,20.9,0.4,,,,,,,,,,,,,,,,,
662,2019-09-24,15.2,12.1,20.3,1.7,,,,,,,,,,,,,,,,,
663,2019-09-25,12.8,10.7,15.1,5.0,,,,,,,,,,,,,,,,,
664,2019-09-26,14.2,9.7,18.4,16.3,,,,,,,,,,,,,,,,,
665,2019-09-27,15.3,13.5,18.9,0.1,,,,,,,,,,,,,,,,,
666,2019-09-28,14.7,13.1,18.4,5.2,,,,,,,,,,,,,,,,,
667,2019-09-29,13.4,12.3,15.1,31.9,,,,,,,,,,,,,,,,,
668,2019-09-30,13.1,10.7,15.1,14.2,,,,,,,,,,,,,,,,,
669,2019-10-01,11.2,8.5,16.8,12.2,0.0,,,,,,,,,,,,,,,,
670,2019-10-02,9.1,6.4,12.6,2.4,0.0,,,,,,,,,,,,,,,,
671,2019-10-03,9.1,6.2,13.9,0.0,0.0,,,,,,,,,,,,,,,,
672,2019-10-04,8.5,6.4,10.7,13.0,0.0,,,,,,,,,,,,,,,,
673,2019-10-05,8.4,4.9,13.0,0.0,0.0,,,,,,,,,,,,,,,,
674,2019-10-06,6.2,2.4,11.5,0.0,0.0,,,,,,,,,,,,,,,,
675,2019-10-07,6.5,0.8,12.1,3.0,0.0,,,,,,,,,,,,,,,,
676,2019-10-08,11.3,7.9,14.8,2.9,0.0,,,,,,,,,,,,,,,,
677,2019-10-09,10.9,8.6,14.9,0.9,0.0,,,,,,,,,,,,,,,,
678,2019-10-10,9.5,7.5,14.0,5.4,0.0,,,,,,,,,,,,,,,,
679,2019-10-11,12.9,9.8,15.6,4.8,0.0,,,,,,,,,,,,,,,,
680,2019-10-12,11.9,10.2,15.8,3.8,0.0,,,,,,,,,,,,,,,,
681,2019-10-13,15.1,10.2,19.6,2.5,0.0,,,,,,,,,,,,,,,,
682,2019-10-14,14.7,12.1,18.2,0.0,0.0,,,,,,,,,,,,,,,,
683,2019-10-15,14.7,9.5,21.4,30.8,0.0,,,,,,,,,,,,,,,,
684,2019-10-16,12.8,10.5,14.5,4.2,0.0,,,,,,,,,,,,,,,,
685,2019-10-17,13.4,12.4,15.4,0.7,0.0,,,,,,,,,,,,,,,,
686,2019-10-18,12.8,9.3,18.1,3.6,0.0,,,,,,,,,,,,,,,,
687,2019-10-19,11.7,8.7,15.2,1.6,0.0,,,,,,,,,,,,,,,,
688,2019-10-20,11.2,9.4,13.5,12.1,0.0,,,,,,,,,,,,,,,,
689,2019-10-21,12.7,10.1,16.2,0.5,0.0,,,,,,,,,,,,,,,,
690,2019-10-22,11.0,7.7,14.5,0.0,0.0,,,,,,,,,,,,,,,,
691,2019-10-23,10.0,5.0,13.9,0.0,0.0,,,,,,,,,,,,,,,,
692,2019-10-24,13.5,11.9,15.6,0.0,0.0,,,,,,,,,,,,,,,,
693,2019-10-25,13.5,11.9,15.4,0.3,0.0,,,,,,,,,,,,,,,,
694,2019-10-26,15.8,13.1,18.6,1.9,0.0,,,,,,,,,,,,,,,,
695,2019-10-27,10.6,7.2,17.1,0.1,0.0,,,,,,,,,,,,,,,,
696,2019-10-28,7.2,2.4,11.6,1.3,0.0,,,,,,,,,,,,,,,,
697,2019-10-29,4.7,-0.2,10.1,0.0,0.0,,,,,,,,,,,,,,,,
698,2019-10-30,3.0,-0.8,8.5,0.0,0.0,,,,,,,,,,,,,,,,
699,2019-10-31,1.7,-2.8,7.8,0.0,0.0,,,,,,,,,,,,,,,,
700,2019-11-01,1.8,-2.5,6.2,4.6,0.0,,,,,,,,,,,,,,,,
701,2019-11-02,10.7,6.2,14.7,6.0,0.0,,,,,,,,,,,,,,,,
702,2019-11-03,10.3,8.6,13.8,5.3,0.0,,,,,,,,,,,,,,,,
703,2019-11-04,9.9,7.7,11.9,3.8,0.0,,,,,,,,,,,,,,,,
704,2019-11-05,8.6,6.8,10.5,4.6,0.0,,,,,,,,,,,,,,,,
705,2019-11-06,6.5,3.5,8.0,0.8,0.0,,,,,,,,,,,,,,,,
706,2019-11-07,5.0,2.5,8.2,2.3,0.0,,,,,,,,,,,,,,,,
707,2019-11-08,5.5,2.7,9.5,1.0,0.0,,,,,,,,,,,,,,,,
708,2019-11-09,5.2,2.1,8.8,1.1,0.0,,,,,,,,,,,,,,,,
709,2019-11-10,3.2,-0.1,7.8,0.0,0.0,,,,,,,,,,,,,,,,
710,2019-11-11,2.2,-1.3,5.4,0.0,0.0,,,,,,,,,,,,,,,,
711,2019-11-12,4.9,1.1,8.1,0.4,0.0,,,,,,,,,,,,,,,,
712,2019-11-13,3.6,0.6,5.7,0.0,0.0,,,,,,,,,,,,,,,,
713,2019-11-14,4.2,1.5,7.6,0.0,0.0,,,,,,,,,,,,,,,,
714,2019-11-15,4.5,2.4,6.6,0.0,0.0,,,,,,,,,,,,,,,,
715,2019-11-16,4.8,1.9,6.4,12.7,0.0,,,,,,,,,,,,,,,,
716,2019-11-17,2.8,-0.9,6.1,1.3,0.0,,,,,,,,,,,,,,,,
717,2019-11-18,6.0,4.7,6.9,5.1,0.0,,,,,,,,,,,,,,,,
718,2019-11-19,6.0,4.1,7.7,0.3,0.0,,,,,,,,,,,,,,,,
719,2019-11-20,3.7,2.4,4.8,1.8,0.0,,,,,,,,,,,,,,,,
720,2019-11-21,4.6,1.8,6.9,1.4,0.0,,,,,,,,,,,,,,,,
721,2019-11-22,5.8,3.3,7.6,0.0,0.0,,,,,,,,,,,,,,,,
722,2019-11-23,6.7,5.2,7.6,0.0,0.0,,,,,,,,,,,,,,,,
723,2019-11-24,4.6,3.8,5.3,0.0,0.0,,,,,,,,,,,,,,,,
724,2019-11-25,4.4,3.9,4.9,0.1,0.0,,,,,,,,,,,,,,,,
725,2019-11-26,6.1,3.7,8.8,0.0,0.0,,,,,,,,,,,,,,,,
726,2019-11-27,7.7,6.8,8.8,4.8,0.0,,,,,,,,,,,,,,,,
727,2019-11-28,8.8,6.6,9.7,7.4,0.0,,,,,,,,,,,,,,,,
728,2019-11-29,3.5,-0.7,6.7,0.5,0.0,,,,,,,,,,,,,,,,
729,2019-11-30,1.7,-0.3,5.1,1.3,0.0,,,,,,,,,,,,,,,,
730,2019-12-01,1.2,-0.9,2.5,0.0,0.0,,,,,,,,,,,,,,,,
731,2019-12-02,3.0,1.0,6.4,0.6,0.0,,,,,,,,,,,,,,,,
732,2019-12-03,5.0,2.0,6.6,0.2,0.0,,,,,,,,,,,,,,,,
733,2019-12-04,3.9,0.3,5.2,0.0,0.0,,,,,,,,,,,,,,,,
734,2019-12-05,1.2,-1.3,3.3,0.5,0.0,,,,,,,,,,,,,,,,
735,2019-12-06,4.9,1.8,7.1,6.4,0.0,,,,,,,,,,,,,,,,
736,2019-12-07,8.0,6.9,8.8,3.2,0.0,,,,,,,,,,,,,,,,
737,2019-12-08,7.9,4.8,9.7,8.0,0.0,,,,,,,,,,,,,,,,
738,2019-12-09,5.5,3.3,6.7,0.7,0.0,,,,,,,,,,,,,,,,
739,2019-12-10,3.4,2.1,5.8,0.0,0.0,,,,,,,,,,,,,,,,
740,2019-12-11,4.2,3.3,5.3,6.8,0.0,,,,,,,,,,,,,,,,
741,2019-12-12,3.5,1.2,4.8,0.1,0.0,,,,,,,,,,,,,,,,
742,2019-12-13,0.9,0.2,1.8,2.3,0.0,,,,,,,,,,,,,,,,
743,2019-12-14,3.8,0.5,5.2,1.6,0.0,,,,,,,,,,,,,,,,
744,2019-12-15,5.9,2.0,8.5,1.1,0.0,,,,,,,,,,,,,,,,
745,2019-12-16,6.0,2.7,8.0,0.0,0.0,,,,,,,,,,,,,,,,
746,2019-12-17,9.6,4.1,13.1,5.8,0.0,,,,,,,,,,,,,,,,
747,2019-12-18,6.2,2.6,10.4,0.0,0.0,,,,,,,,,,,,,,,,
748,2019-12-19,6.5,1.6,11.9,0.0,0.0,,,,,,,,,,,,,,,,
749,2019-12-20,6.2,3.4,9.1,5.9,0.0,,,,,,,,,,,,,,,,
750,2019-12-21,6.5,3.6,9.5,0.0,0.0,,,,,,,,,,,,,,,,
751,2019-12-22,4.2,2.7,5.9,3.7,0.0,,,,,,,,,,,,,,,,
752,2019-12-23,6.8,5.9,7.7,0.2,0.0,,,,,,,,,,,,,,,,
753,2019-12-24,5.4,4.2,6.8,7.1,0.0,,,,,,,,,,,,,,,,
754,2019-12-25,5.0,3.5,6.6,1.3,0.0,,,,,,,,,,,,,,,,
755,2019-12-26,3.9,0.9,6.2,0.0,0.0,,,,,,,,,,,,,,,,
756,2019-12-27,1.9,-1.6,2.9,0.0,0.0,,,,,,,,,,,,,,,,
757,2019-12-28,-1.2,-3.1,0.7,0.0,0.0,,,,,,,,,,,,,,,,
758,2019-12-29,0.0,-3.5,4.6,0.0,0.0,,,,,,,,,,,,,,,,
759,2019-12-30,5.8,3.3,8.4,0.0,0.0,,,,,,,,,,,,,,,,
760,2019-12-31,4.8,0.5,7.8,0.0,0.0,,,,,,,,,,,,,,,,
761,2020-01-01,-0.8,-2.3,1.7,0.0,0.0,,,,,,,,,,,,,,,,
762,2020-01-02,-0.8,-3.4,3.4,0.1,0.0,,,,,,,,,,,,,,,,
763,2020-01-03,5.5,3.2,7.9,4.3,0.0,,,,,,,,,,,,,,,,
764,2020-01-04,4.0,1.1,6.7,5.2,0.0,,,,,,,,,,,,,,,,
765,2020-01-05,3.1,0.0,5.6,0.0,0.0,,,,,,,,,,,,,,,,
766,2020-01-06,4.4,0.4,6.0,0.1,0.0,,,,,,,,,,,,,,,,
767,2020-01-07,4.8,0.3,7.4,0.0,0.0,,,,,,,,,,,,,,,,
768,2020-01-08,8.1,6.3,10.3,1.6,0.0,,,,,,,,,,,,,,,,
769,2020-01-09,9.6,7.3,11.2,13.6,0.0,,,,,,,,,,,,,,,,
770,2020-01-10,7.6,3.9,11.2,0.0,0.0,,,,,,,,,,,,,,,,
771,2020-01-11,3.9,0.6,5.6,0.0,0.0,,,,,,,,,,,,,,,,
772,2020-01-12,5.7,4.6,7.8,3.7,0.0,,,,,,,,,,,,,,,,
773,2020-01-13,5.3,3.2,7.5,1.0,0.0,,,,,,,,,,,,,,,,
774,2020-01-14,8.7,5.4,11.7,1.5,0.0,,,,,,,,,,,,,,,,
775,2020-01-15,11.2,5.3,13.9,0.5,0.0,,,,,,,,,,,,,,,,
776,2020-01-16,5.6,3.5,9.0,0.0,0.0,,,,,,,,,,,,,,,,
777,2020-01-17,8.0,4.4,11.2,1.4,0.0,,,,,,,,,,,,,,,,
778,2020-01-18,4.2,1.3,7.0,0.8,0.0,,,,,,,,,,,,,,,,
779,2020-01-19,2.7,-0.2,6.8,0.1,0.0,,,,,,,,,,,,,,,,
780,2020-01-20,3.7,0.4,6.2,0.0,0.0,,,,,,,,,,,,,,,,
781,2020-01-21,3.4,1.9,4.6,0.0,0.0,,,,,,,,,,,,,,,,
782,2020-01-22,5.3,3.8,7.0,0.2,0.0,,,,,,,,,,,,,,,,
783,2020-01-23,4.4,0.0,5.8,0.0,0.0,,,,,,,,,,,,,,,,
784,2020-01-24,0.0,-1.7,1.1,0.0,0.0,,,,,,,,,,,,,,,,
785,2020-01-25,1.6,0.1,2.6,0.0,0.0,,,,,,,,,,,,,,,,
786,2020-01-26,0.8,-0.7,2.8,0.3,0.0,,,,,,,,,,,,,,,,
787,2020-01-27,5.4,2.8,7.3,3.9,0.0,,,,,,,,,,,,,,,,
788,2020-01-28,4.2,0.3,5.9,10.4,0.0,,,,,,,,,,,,,,,,
789,2020-01-29,3.5,2.4,5.6,11.5,0.0,,,,,,,,,,,,,,,,
790,2020-01-30,6.3,3.1,8.5,2.5,0.0,,,,,,,,,,,,,,,,
791,2020-01-31,9.5,7.7,11.8,2.0,0.0,,,,,,,,,,,,,,,,
792,2020-02-01,10.1,6.4,11.8,4.1,0.0,,,,,,,,,,,,,,,,
793,2020-02-02,6.1,5.0,7.8,5.9,0.0,,,,,,,,,,,,,,,,
794,2020-02-03,6.8,4.6,9.1,2.9,0.0,,,,,,,,,,,,,,,,
795,2020-02-04,4.2,2.4,6.2,3.1,0.0,,,,,,,,,,,,,,,,
796,2020-02-05,2.6,-1.7,6.1,0.0,0.0,,,,,,,,,,,,,,,,
797,2020-02-06,4.4,2.2,5.9,0.0,0.0,,,,,,,,,,,,,,,,
798,2020-02-07,4.7,3.2,5.8,0.0,0.0,,,,,,,,,,,,,,,,
799,2020-02-08,4.9,0.2,8.1,0.0,0.0,,,,,,,,,,,,,,,,
800,2020-02-09,9.3,5.8,13.0,10.9,0.0,,,,,,,,,,,,,,,,
801,2020-02-10,5.6,0.3,8.4,12.9,0.0,,,,,,,,,,,,,,,,
802,2020-02-11,3.0,0.7,5.5,4.2,0.0,,,,,,,,,,,,,,,,
803,2020-02-12,3.4,1.7,5.7,0.9,0.0,,,,,,,,,,,,,,,,
804,2020-02-13,2.1,0.1,3.7,6.1,0.0,,,,,,,,,,,,,,,,
805,2020-02-14,3.9,2.1,5.3,0.2,0.0,,,,,,,,,,,,,,,,
806,2020-02-15,7.3,3.9,10.8,0.2,0.0,,,,,,,,,,,,,,,,
807,2020-02-16,12.0,7.7,17.6,7.0,0.0,,,,,,,,,,,,,,,,
808,2020-02-17,7.2,4.7,10.3,3.5,0.0,,,,,,,,,,,,,,,,
809,2020-02-18,5.9,4.2,7.9,1.1,0.0,,,,,,,,,,,,,,,,
810,2020-02-19,4.8,1.8,6.1,3.5,0.0,,,,,,,,,,,,,,,,
811,2020-02-20,5.1,1.0,7.8,9.2,0.0,,,,,,,,,,,,,,,,
812,2020-02-21,5.2,2.7,7.4,2.4,0.0,,,,,,,,,,,,,,,,
813,2020-02-22,7.4,5.5,8.7,4.6,0.0,,,,,,,,,,,,,,,,
814,2020-02-23,5.0,2.1,7.4,14.1,0.0,,,,,,,,,,,,,,,,
815,2020-02-24,4.4,0.6,9.2,19.1,0.0,,,,,,,,,,,,,,,,
816,2020-02-25,5.7,2.1,9.2,0.4,0.0,,,,,,,,,,,,,,,,
817,2020-02-26,2.7,0.9,6.1,0.3,0.0,,,,,,,,,,,,,,,,
818,2020-02-27,2.7,1.4,4.6,2.1,0.0,,,,,,,,,,,,,,,,
819,2020-02-28,3.4,0.5,7.5,11.1,0.0,,,,,,,,,,,,,,,,
820,2020-02-29,6.8,0.6,12.7,1.4,0.0,,,,,,,,,,,,,,,,
821,2020-03-01,5.5,3.6,8.4,1.7,0.0,,,,,,,,,,,,,,,,
822,2020-03-02,5.8,2.4,10.0,2.3,0.0,,,,,,,,,,,,,,,,
823,2020-03-03,4.9,1.0,8.8,2.0,0.0,,,,,,,,,,,,,,,,
824,2020-03-04,3.4,0.3,7.1,0.0,0.0,,,,,,,,,,,,,,,,
825,2020-03-05,4.8,0.0,9.0,2.5,0.0,,,,,,,,,,,,,,,,
826,2020-03-06,3.7,2.8,5.8,4.4,0.0,,,,,,,,,,,,,,,,
827,2020-03-07,4.3,1.5,8.0,0.0,0.0,,,,,,,,,,,,,,,,
828,2020-03-08,7.6,4.3,11.5,0.3,0.0,,,,,,,,,,,,,,,,
829,2020-03-09,7.2,4.2,10.8,3.0,0.0,,,,,,,,,,,,,,,,
830,2020-03-10,7.6,4.4,11.4,14.1,0.0,,,,,,,,,,,,,,,,
831,2020-03-11,9.3,5.2,12.9,4.7,0.0,,,,,,,,,,,,,,,,
832,2020-03-12,7.6,2.5,11.2,3.4,0.0,,,,,,,,,,,,,,,,
833,2020-03-13,4.6,-0.1,8.3,5.6,0.0,,,,,,,,,,,,,,,,
834,2020-03-14,3.2,-2.4,8.7,0.0,0.0,,,,,,,,,,,,,,,,
835,2020-03-15,9.0,3.0,14.2,0.0,0.0,,,,,,,,,,,,,,,,
836,2020-03-16,8.7,3.0,12.9,0.0,0.0,,,,,,,,,,,,,,,,
837,2020-03-17,7.8,2.1,12.3,0.0,0.0,,,,,,,,,,,,,,,,
838,2020-03-18,10.6,7.2,14.3,0.7,0.0,,,,,,,,,,,,,,,,
839,2020-03-19,7.5,5.6,10.5,0.3,0.0,,,,,,,,,,,,,,,,
840,2020-03-20,6.0,1.7,9.1,0.0,0.0,,,,,,,,,,,,,,,,
841,2020-03-21,3.0,-1.2,7.0,0.0,0.0,,,,,,,,,,,,,,,,
842,2020-03-22,2.0,-2.3,6.8,0.0,0.0,,,,,,,,,,,,,,,,
843,2020-03-23,1.5,-3.2,6.8,0.0,0.0,,,,,,,,,,,,,,,,
844,2020-03-24,2.8,-2.7,8.9,0.0,0.0,,,,,,,,,,,,,,,,
845,2020-03-25,4.0,-2.8,10.5,0.0,0.0,,,,,,,,,,,,,,,,
846,2020-03-26,4.5,-1.7,9.8,0.0,0.0,,,,,,,,,,,,,,,,
847,2020-03-27,6.8,0.9,14.7,0.0,0.0,,,,,,,,,,,,,,,,
848,2020-03-28,6.6,0.2,12.1,0.1,0.0,,,,,,,,,,,,,,,,
849,2020-03-29,2.3,-2.9,6.1,1.1,0.0,,,,,,,,,,,,,,,,
850,2020-03-30,0.9,-4.1,7.3,4.5,0.0,,,,,,,,,,,,,,,,
851,2020-03-31,2.0,-2.5,7.2,0.0,0.0,,,,,,,,,,,,,,,,
852,2020-04-01,3.7,-2.4,7.7,0.0,0.0,,,,,,,,,,,,,,,,
853,2020-04-02,6.6,3.8,10.5,1.3,0.0,,,,,,,,,,,,,,,,
854,2020-04-03,5.0,-0.2,9.6,0.6,0.0,,,,,,,,,,,,,,,,
855,2020-04-04,6.2,-1.6,13.3,0.0,0.0,,,,,,,,,,,,,,,,
856,2020-04-05,10.2,1.8,17.3,0.0,0.0,,,,,,,,,,,,,,,,
857,2020-04-06,13.8,3.5,22.8,0.0,0.0,,,,,,,,,,,,,,,,
858,2020-04-07,12.3,7.6,17.2,0.0,0.0,,,,,,,,,,,,,,,,
859,2020-04-08,13.7,5.4,22.6,0.0,0.0,,,,,,,,,,,,,,,,
860,2020-04-09,11.0,3.6,16.7,0.0,0.0,,,,,,,,,,,,,,,,
861,2020-04-10,6.6,0.8,11.9,0.0,0.0,,,,,,,,,,,,,,,,
862,2020-04-11,10.1,1.4,18.3,0.0,0.0,,,,,,,,,,,,,,,,
863,2020-04-12,13.7,5.0,22.1,0.2,0.0,,,,,,,,,,,,,,,,
864,2020-04-13,6.2,1.6,9.8,0.0,0.0,,,,,,,,,,,,,,,,
865,2020-04-14,5.0,-1.3,9.9,0.0,0.0,,,,,,,,,,,,,,,,
866,2020-04-15,8.8,3.3,16.1,0.0,0.0,,,,,,,,,,,,,,,,
867,2020-04-16,9.1,1.7,16.0,0.0,0.0,,,,,,,,,,,,,,,,
868,2020-04-17,9.0,3.2,14.9,0.0,0.0,,,,,,,,,,,,,,,,
869,2020-04-18,9.6,3.3,16.2,0.0,0.0,,,,,,,,,,,,,,,,
870,2020-04-19,8.4,3.3,13.7,0.0,0.0,,,,,,,,,,,,,,,,
871,2020-04-20,9.3,2.0,16.1,0.0,0.0,,,,,,,,,,,,,,,,
872,2020-04-21,10.6,3.4,16.6,0.0,0.0,,,,,,,,,,,,,,,,
873,2020-04-22,11.2,4.7,17.7,0.0,0.0,,,,,,,,,,,,,,,,
874,2020-04-23,13.5,4.8,21.2,0.0,0.0,,,,,,,,,,,,,,,,
875,2020-04-24,11.7,7.5,18.0,0.0,0.0,,,,,,,,,,,,,,,,
876,2020-04-25,10.3,5.8,16.9,0.0,0.0,,,,,,,,,,,,,,,,
877,2020-04-26,8.2,1.7,14.6,0.0,0.0,,,,,,,,,,,,,,,,
878,2020-04-27,12.5,1.8,20.1,0.0,0.0,,,,,,,,,,,,,,,,
879,2020-04-28,11.6,8.3,16.1,1.5,0.0,,,,,,,,,,,,,,,,
880,2020-04-29,9.4,7.1,14.4,8.9,0.0,,,,,,,,,,,,,,,,
881,2020-04-30,11.3,8.1,15.9,7.7,0.0,,,,,,,,,,,,,,,,
882,2020-05-01,9.2,5.7,14.0,3.0,,,,,,,,,,,,,,,,,
883,2020-05-02,8.7,5.8,12.3,4.1,,,,,,,,,,,,,,,,,
884,2020-05-03,9.3,6.1,12.5,0.4,,,,,,,,,,,,,,,,,
885,2020-05-04,9.0,4.7,14.0,0.0,,,,,,,,,,,,,,,,,
886,2020-05-05,8.6,3.7,13.6,0.0,,,,,,,,,,,,,,,,,
887,2020-05-06,8.9,1.5,15.3,0.0,,,,,,,,,,,,,,,,,
888,2020-05-07,9.9,4.5,16.3,0.0,,,,,,,,,,,,,,,,,
889,2020-05-08,12.2,3.1,19.4,0.0,,,,,,,,,,,,,,,,,
890,2020-05-09,15.3,6.4,22.4,0.0,,,,,,,,,,,,,,,,,
891,2020-05-10,15.8,6.2,24.1,1.3,,,,,,,,,,,,,,,,,
892,2020-05-11,7.0,2.7,10.8,0.0,,,,,,,,,,,,,,,,,
893,2020-05-12,5.8,0.9,10.5,2.5,,,,,,,,,,,,,,,,,
894,2020-05-13,7.1,3.1,11.3,0.2,,,,,,,,,,,,,,,,,
895,2020-05-14,7.5,2.7,12.5,0.0,,,,,,,,,,,,,,,,,
896,2020-05-15,7.4,-0.2,12.1,0.2,,,,,,,,,,,,,,,,,
897,2020-05-16,10.0,3.5,15.3,0.0,,,,,,,,,,,,,,,,,
898,2020-05-17,11.8,5.0,17.0,0.0,,,,,,,,,,,,,,,,,
899,2020-05-18,14.1,10.9,18.8,0.1,,,,,,,,,,,,,,,,,
900,2020-05-19,13.8,8.5,19.8,0.0,,,,,,,,,,,,,,,,,
901,2020-05-20,14.4,8.4,20.0,0.0,,,,,,,,,,,,,,,,,
902,2020-05-21,15.6,8.4,21.9,0.0,,,,,,,,,,,,,,,,,
903,2020-05-22,16.2,11.2,21.6,7.1,,,,,,,,,,,,,,,,,
904,2020-05-23,12.5,8.2,17.5,5.0,,,,,,,,,,,,,,,,,
905,2020-05-24,11.8,8.2,15.4,2.3,,,,,,,,,,,,,,,,,
906,2020-05-25,11.3,8.8,14.7,0.0,,,,,,,,,,,,,,,,,
907,2020-05-26,13.8,8.3,20.6,0.0,,,,,,,,,,,,,,,,,
908,2020-05-27,14.7,8.1,20.3,0.0,,,,,,,,,,,,,,,,,
909,2020-05-28,13.2,7.1,19.5,0.0,,,,,,,,,,,,,,,,,
910,2020-05-29,15.1,7.8,21.4,0.0,,,,,,,,,,,,,,,,,
911,2020-05-30,15.3,8.2,21.2,0.0,,,,,,,,,,,,,,,,,
912,2020-05-31,15.2,9.5,20.3,0.0,,,,,,,,,,,,,,,,,
913,2020-06-01,16.4,9.2,23.4,0.0,,,,,,,,,,,,,,,,,
914,2020-06-02,19.3,9.5,26.0,0.0,,,,,,,,,,,,,,,,,
915,2020-06-03,18.3,12.8,26.8,2.2,,,,,,,,,,,,,,,,,
916,2020-06-04,14.1,10.6,20.0,9.9,,,,,,,,,,,,,,,,,
917,2020-06-05,11.2,7.4,16.8,4.4,,,,,,,,,,,,,,,,,
918,2020-06-06,10.7,6.7,15.1,1.4,,,,,,,,,,,,,,,,,
919,2020-06-07,12.5,8.4,17.7,0.2,,,,,,,,,,,,,,,,,
920,2020-06-08,13.7,9.3,18.0,0.0,,,,,,,,,,,,,,,,,
921,2020-06-09,14.7,10.2,19.9,0.0,,,,,,,,,,,,,,,,,
922,2020-06-10,16.4,12.1,21.2,3.9,,,,,,,,,,,,,,,,,
923,2020-06-11,15.0,13.1,17.0,3.1,,,,,,,,,,,,,,,,,
924,2020-06-12,17.8,14.0,24.0,0.0,,,,,,,,,,,,,,,,,
925,2020-06-13,18.0,15.5,22.4,0.4,,,,,,,,,,,,,,,,,
926,2020-06-14,17.4,14.1,21.2,0.4,,,,,,,,,,,,,,,,,
927,2020-06-15,18.4,12.2,25.8,0.0,,,,,,,,,,,,,,,,,
928,2020-06-16,20.0,11.9,26.1,0.0,,,,,,,,,,,,,,,,,
929,2020-06-17,21.2,12.3,27.7,0.0,,,,,,,,,,,,,,,,,
930,2020-06-18,19.1,15.0,25.8,29.4,,,,,,,,,,,,,,,,,
931,2020-06-19,16.5,14.3,19.1,0.6,,,,,,,,,,,,,,,,,
932,2020-06-20,17.0,12.3,21.8,0.0,,,,,,,,,,,,,,,,,
933,2020-06-21,17.8,10.5,24.0,0.0,,,,,,,,,,,,,,,,,
934,2020-06-22,18.6,12.3,23.2,0.0,,,,,,,,,,,,,,,,,
935,2020-06-23,18.2,9.6,24.5,0.0,,,,,,,,,,,,,,,,,
936,2020-06-24,19.9,12.6,26.3,0.0,,,,,,,,,,,,,,,,,
937,2020-06-25,21.9,15.4,27.7,6.7,,,,,,,,,,,,,,,,,
938,2020-06-26,23.2,16.0,28.7,0.0,,,,,,,,,,,,,,,,,
939,2020-06-27,22.2,16.9,28.6,18.5,,,,,,,,,,,,,,,,,
940,2020-06-28,18.2,13.3,21.1,3.6,,,,,,,,,,,,,,,,,
941,2020-06-29,17.0,11.9,21.1,0.2,,,,,,,,,,,,,,,,,
942,2020-06-30,14.9,12.6,16.8,1.4,,,,,,,,,,,,,,,,,
943,2020-07-01,16.1,12.4,19.3,6.1,,,,,,,,,,,,,,,,,
944,2020-07-02,16.0,13.0,20.7,6.5,,,,,,,,,,,,,,,,,
945,2020-07-03,16.3,12.3,20.7,0.2,,,,,,,,,,,,,,,,,
946,2020-07-04,16.6,14.5,19.6,3.8,,,,,,,,,,,,,,,,,
947,2020-07-05,18.1,13.4,22.2,3.4,,,,,,,,,,,,,,,,,
948,2020-07-06,14.2,10.9,17.7,1.9,,,,,,,,,,,,,,,,,
949,2020-07-07,13.0,9.4,18.8,0.9,,,,,,,,,,,,,,,,,
950,2020-07-08,13.3,9.5,16.4,1.2,,,,,,,,,,,,,,,,,
951,2020-07-09,11.8,10.1,13.7,18.0,,,,,,,,,,,,,,,,,
952,2020-07-10,12.8,8.9,15.9,6.2,,,,,,,,,,,,,,,,,
953,2020-07-11,13.1,8.4,18.0,0.9,,,,,,,,,,,,,,,,,
954,2020-07-12,13.8,7.7,19.2,0.0,,,,,,,,,,,,,,,,,
955,2020-07-13,15.6,7.5,22.1,0.0,,,,,,,,,,,,,,,,,
956,2020-07-14,15.7,11.0,21.1,1.8,,,,,,,,,,,,,,,,,
957,2020-07-15,15.7,13.2,20.2,0.2,,,,,,,,,,,,,,,,,
958,2020-07-16,16.1,11.9,20.3,0.0,,,,,,,,,,,,,,,,,
959,2020-07-17,17.2,9.6,23.0,0.0,,,,,,,,,,,,,,,,,
960,2020-07-18,19.3,11.4,24.9,0.0,,,,,,,,,,,,,,,,,
961,2020-07-19,20.1,14.5,26.2,2.2,,,,,,,,,,,,,,,,,
962,2020-07-20,15.9,10.1,20.2,0.4,,,,,,,,,,,,,,,,,
963,2020-07-21,13.8,8.1,19.3,0.1,,,,,,,,,,,,,,,,,
964,2020-07-22,14.0,7.3,19.1,0.0,,,,,,,,,,,,,,,,,
965,2020-07-23,16.8,11.2,22.2,0.1,,,,,,,,,,,,,,,,,
966,2020-07-24,17.8,13.5,22.8,0.1,,,,,,,,,,,,,,,,,
967,2020-07-25,17.7,11.3,23.1,3.8,,,,,,,,,,,,,,,,,
968,2020-07-26,17.6,12.4,22.7,20.9,,,,,,,,,,,,,,,,,
969,2020-07-27,17.0,11.6,20.2,1.5,,,,,,,,,,,,,,,,,
970,2020-07-28,17.8,12.3,21.6,0.9,,,,,,,,,,,,,,,,,
971,2020-07-29,15.4,10.5,18.8,0.0,,,,,,,,,,,,,,,,,
972,2020-07-30,15.0,8.7,20.6,0.0,,,,,,,,,,,,,,,,,
973,2020-07-31,18.6,10.5,25.0,0.0,,,,,,,,,,,,,,,,,
974,2020-08-01,20.7,12.6,26.8,0.0,,,,,,,,,,,,,,,,,
975,2020-08-02,18.2,12.1,24.2,11.6,,,,,,,,,,,,,,,,,
976,2020-08-03,15.8,10.2,21.2,0.0,,,,,,,,,,,,,,,,,
977,2020-08-04,15.6,10.7,21.1,0.0,,,,,,,,,,,,,,,,,
978,2020-08-05,20.0,12.4,26.7,0.0,,,,,,,,,,,,,,,,,
979,2020-08-06,23.4,15.9,30.9,0.0,,,,,,,,,,,,,,,,,
980,2020-08-07,23.9,15.0,31.0,0.0,,,,,,,,,,,,,,,,,
981,2020-08-08,25.5,18.2,32.5,0.0,,,,,,,,,,,,,,,,,
982,2020-08-09,24.5,19.7,30.3,0.0,,,,,,,,,,,,,,,,,
983,2020-08-10,23.9,17.5,31.4,0.0,,,,,,,,,,,,,,,,,
984,2020-08-11,24.5,17.8,31.2,0.0,,,,,,,,,,,,,,,,,
985,2020-08-12,23.8,16.5,30.7,0.0,,,,,,,,,,,,,,,,,
986,2020-08-13,23.1,16.4,30.3,0.0,,,,,,,,,,,,,,,,,
987,2020-08-14,22.5,17.3,29.1,0.0,,,,,,,,,,,,,,,,,
988,2020-08-15,23.1,16.0,30.2,0.0,,,,,,,,,,,,,,,,,
989,2020-08-16,23.6,15.4,30.2,0.0,,,,,,,,,,,,,,,,,
990,2020-08-17,21.1,16.1,27.7,3.4,,,,,,,,,,,,,,,,,
991,2020-08-18,19.1,14.6,24.5,9.9,,,,,,,,,,,,,,,,,
992,2020-08-19,19.3,13.1,25.4,0.0,,,,,,,,,,,,,,,,,
993,2020-08-20,22.1,16.8,27.6,0.0,,,,,,,,,,,,,,,,,
994,2020-08-21,22.7,19.6,28.2,1.7,,,,,,,,,,,,,,,,,
995,2020-08-22,18.9,14.8,25.2,9.0,,,,,,,,,,,,,,,,,
996,2020-08-23,16.4,13.8,20.3,1.0,,,,,,,,,,,,,,,,,
997,2020-08-24,14.1,12.2,18.5,8.1,,,,,,,,,,,,,,,,,
998,2020-08-25,15.0,11.8,18.6,6.3,,,,,,,,,,,,,,,,,
999,2020-08-26,15.9,14.4,17.6,15.2,,,,,,,,,,,,,,,,,
1000,2020-08-27,15.1,12.0,18.5,0.8,,,,,,,,,,,,,,,,,
1001,2020-08-28,15.5,11.7,21.2,0.1,,,,,,,,,,,,,,,,,
1002,2020-08-29,15.3,11.0,20.1,0.0,,,,,,,,,,,,,,,,,
1003,2020-08-30,16.4,8.7,22.8,0.0,,,,,,,,,,,,,,,,,
1004,2020-08-31,15.3,12.6,18.8,0.1,,,,,,,,,,,,,,,,,
1005,2020-09-01,14.6,10.4,19.5,0.0,,,,,,,,,,,,,,,,,
1006,2020-09-02,14.6,8.8,20.8,0.0,,,,,,,,,,,,,,,,,
1007,2020-09-03,13.2,7.3,18.7,8.9,,,,,,,,,,,,,,,,,
1008,2020-09-04,16.6,13.9,20.3,0.4,,,,,,,,,,,,,,,,,
1009,2020-09-05,14.3,10.6,18.9,0.3,,,,,,,,,,,,,,,,,
1010,2020-09-06,12.3,9.3,16.3,1.9,,,,,,,,,,,,,,,,,
1011,2020-09-07,14.0,10.9,18.1,0.0,,,,,,,,,,,,,,,,,
1012,2020-09-08,15.8,12.4,18.8,0.1,,,,,,,,,,,,,,,,,
1013,2020-09-09,16.8,11.5,19.9,2.2,,,,,,,,,,,,,,,,,
1014,2020-09-10,13.5,9.7,17.4,0.1,,,,,,,,,,,,,,,,,
1015,2020-09-11,14.7,10.6,19.0,0.0,,,,,,,,,,,,,,,,,
1016,2020-09-12,14.3,9.3,19.7,0.0,,,,,,,,,,,,,,,,,
1017,2020-09-13,16.0,10.1,22.1,0.0,,,,,,,,,,,,,,,,,
1018,2020-09-14,19.4,11.2,28.9,0.0,,,,,,,,,,,,,,,,,
1019,2020-09-15,21.1,13.2,30.6,0.0,,,,,,,,,,,,,,,,,
1020,2020-09-16,17.3,10.9,23.4,0.0,,,,,,,,,,,,,,,,,
1021,2020-09-17,12.3,5.9,16.8,0.0,,,,,,,,,,,,,,,,,
1022,2020-09-18,11.4,4.0,18.5,0.0,,,,,,,,,,,,,,,,,
1023,2020-09-19,12.6,6.0,19.8,0.0,,,,,,,,,,,,,,,,,
1024,2020-09-20,13.7,6.0,22.3,0.0,,,,,,,,,,,,,,,,,
1025,2020-09-21,14.7,7.2,23.3,0.0,,,,,,,,,,,,,,,,,
1026,2020-09-22,16.1,8.7,24.2,0.0,,,,,,,,,,,,,,,,,
1027,2020-09-23,16.3,8.7,23.0,0.1,,,,,,,,,,,,,,,,,
1028,2020-09-24,15.1,10.8,18.0,0.0,,,,,,,,,,,,,,,,,
1029,2020-09-25,12.4,6.5,16.0,0.0,,,,,,,,,,,,,,,,,
1030,2020-09-26,10.5,4.6,15.3,12.9,,,,,,,,,,,,,,,,,
1031,2020-09-27,10.6,9.7,12.4,0.5,,,,,,,,,,,,,,,,,
1032,2020-09-28,11.6,9.4,14.1,0.1,,,,,,,,,,,,,,,,,
1033,2020-09-29,12.5,5.6,18.0,0.0,,,,,,,,,,,,,,,,,
1034,2020-09-30,14.3,10.5,18.3,0.0,,,,,,,,,,,,,,,,,
1035,2020-10-01,12.7,8.2,17.3,0.0,,,,,,,,,,,,,,,,,
1036,2020-10-02,13.1,11.3,15.4,0.3,,,,,,,,,,,,,,,,,
5942,,,,,,,,,,,,Konstanz,54.12,84911.0,40695.0,44216.0,1569.0,78462,"9,175957","47,662757",Bodensee,dicht besiedelt
